part,title,rating,text
인문,사피엔스,4,중학생 딸이 읽고싶다고 해서 주문했는데... 아직 읽지는 않았습니다. 마음의 준비가 필요하다나~ ㅋㅋㅋ
인문,사피엔스,2,글쎄요 가치관이 달라서 그런가 잘 읽히지 않네요. ~ 일지도 모른다는 표현이 반복되는 것도 거슬리구요.
인문,사피엔스,4,"논리적으로 글을 잘 썼다고 생각하며 읽었습니다! 배경지식이 부족해서 천천히 이해하며 읽느라 조금 오래 걸렸지만 다 읽고나니 뿌듯하고, 역사경제문화가 영향을 주고 받으며 변화해나가는 모습이 흥미로워요. 빅히스토리를 다룬 다른책들도 읽어보고싶고, 유발하라리 작가도 논리력에 감탄하여 다른책도 읽어보고싶네요! 사회를 바라보는 시야를 넓힐수 있는 책이니 다들 읽어보면 좋을듯 합니다."
인문,사피엔스,2,저한테는 좀 어려운 내용이고 난해한 책이네요
인문,사피엔스,2,생각했던것보단 그닥 입니다..
인문,사피엔스,4,“인간은 권력을 획득하는 데는 매우 능숙하지만 권력을 행복으로 전환하는 데는 그리 능하지 못하다”
인문,사피엔스,4,재미있어요
인문,사피엔스,4,책이 두껍지만 읽기 시작하면 생각보다 줄줄 읽히는 책이며 그만큼 재미도 느끼게된다
인문,사피엔스,2,"현대 과학의 발전이 어디까지 진행되었고, 어떤 방향을 향해 전진하고 있는지를 잘 보여준다. 그러나 진술에 있어서 어느 한 쪽으로의 짙은 편향성을 가지고 있고, 본인 자신의 어떤 업적이 담겨져 있지는 않다고 보여진다."
인문,사피엔스,4,"명작이네요,"
인문,사피엔스,1,원문이 그런건지 번역이 잘못된건지 말을 너무 꼬아놔서 읽기가 쉽지않고 이해하기 어렵습니다. 대부분 알고 있는 호모사이피언스 이야기로 지루합니다.
인문,사피엔스,3,"인간 발달 과정의 새로운 사실, 표현할 수 없는 역사의 진화과정 을 읽으면서 오늘날 우리 인간의 성품을 조금이나마 이해할 수 있게 되었다, 한마디로 놀람, 신비로움 자체다, 저자에게 무한 감사를 드린다."
인문,사피엔스,4,이건 누구나 한번씩은 꼭 읽어야 하는 책이라고 생각해요. 술술 읽히고 재미도 있으며 유익한 내용이 참 많아요. 읽는 내내 지적수준이 업그레이드 되는 기분을 느낄수 있어요.
인문,사피엔스,3,벼르고 벼르다 드뎌 구입. 기대됩니다
인문,사피엔스,4,이렇게 쉽게 잘 읽힐 줄이야
인문,사피엔스,4,유발하하하하리 아부지께서 잘 읽으실듯
인문,사피엔스,4,인류학교양 재밌게 술술
인문,사피엔스,4,재미와 지식 두마리를 동시에.
인문,사피엔스,4,편하고 재밌게 읽을 수 있습니다.
인문,사피엔스,4,올한해 벽돌책 깨기 프로젝트 하기위해 구매해요
인문,사피엔스,4,필독서
인문,사피엔스,4,두껍지만 술술읽히네요
인문,사피엔스,4,진화론을 새로운 관점에서 볼 수 있는 좋은 기회가 되었습니다.
인문,사피엔스,4,재밋어요 전에 알던 지식을 뒤집내요
인문,사피엔스,4,좋아요
인문,사피엔스,4,잘읽혀요
인문,사피엔스,4,기대하고 잘읽겠습니다. 지난 몇년간 이 책을 읽게 되기를 벼르고 벼르다가 이제 읽게 되었습니다. 감사합니다.
인문,사피엔스,2,어려워요ㅠㅠ
인문,사피엔스,4,좋습니다
인문,사피엔스,4,완전 설렘
인문,사피엔스,4,귀한존재로서 귀한삶을.......
인문,사피엔스,4,어려운책이지만 공감도 되구... 조아요
인문,사피엔스,4,아주 유용한 글이여요~
인문,사피엔스,4,언제부턴가 도서목록에넣어두고 뒤로미뤘는데 이제 구매하네요
인문,사피엔스,4,인류의 발전 과정에서 중요한 몇몇 혁명을 쉽게 다뤄서 좋아요.
인문,사피엔스,4,너무나도 유명한 책.
인문,사피엔스,4,너무 흥미롭고 유용합니다. 고생학생에게도 추천드립니다.
인문,사피엔스,4,왜 이제야 읽었는지 후회됩니다. 진작에 볼것을!
인문,사피엔스,4,아직 읽어보진 않았지만 추천사가 마음에 들어 구입하였습니다. 삶에 대한 고민이 조금이나마 해소되었으면 좋겠네요.
인문,사피엔스,4,너무 재미있어요 좋아요
인문,사피엔스,4,재밌습니다 과학을 쉽게 머릿속에 잘 들어가게 쓰여지고 몰랐던 지식이많이 쌓이게하는 책이였습니다
인문,사피엔스,4,잘받았습니다 잘받았습니다
인문,사피엔스,4,지리학적 세계사 풀기
인문,사피엔스,4,"전 부터 읽고 싶던 책인데, 들여다 보니 놀랍고 신선한 시각을 느낄 수 있는 것 같아요!"
인문,사피엔스,4,나만 이런 생각을 하고 있었던 게 아니었구나.. 정말로 기발한 책이다. 우리가 누구인지 객관적으로 볼 수 있게 만든 책.
인문,사피엔스,4,이 책이 굉장히 잘 쓰인 것 같다는 느낌이 많이 듭니다. 여러 사진 자료들과 함께 술술 잘 읽히는 글들이 더 몰입되게 만듭니다. 과학과 역사 관련해서도 많은 공부가 될 것이라고 생각됩니다.
인문,사피엔스,4,역시는 역시 좋은 책입니다.
인문,사피엔스,4,"도서관에서 빌려 한 번 읽었지만, 소장가치가 있어 이번에는 구매했네요. 후회하지 않습니다."
인문,사피엔스,4,"아직 읽어보진 않았지만, 기대되는 도서입니다."
인문,사피엔스,4,"오랜만에 정독하며 즐겼고, 큰 충격으로 다가온 책이었다. 역사라는 개념에서 큰 틀의 인류학에 대한 내용을 다루는 책으로, 새로운 시각과 가설이 흥미를 이끌었으며, 추후 다시 한번 읽어보고 싶다는 생각이 들게 만든 책이었다. 그런 의미로... 잽싸게 두 권으로 나눠진 만화 버젼도 장바구니로 투척하게 되었다. 한번만 읽고 넘기기에는 아까운 책이라고 생각한다."
인문,사피엔스,4,이 두꺼운 책이 한번 잡으면 끝까지 읽게 만드는 내용이라기에 주문해 봤는데 시작부터 충격이네요
인문,사피엔스,4,전국민 필독서라고 생각해요 그만큼 생각할 거리를 많이 던져줍니다
인문,사피엔스,4,아이가 사달래서 구입했는데 재미있겠죠.
인문,사피엔스,3,두껍지만 인내를 가지고 읽으면 좋습니다
인문,사피엔스,4,넓고 새로운 시각 읽어봅시다!
인문,사피엔스,4,기다렸던 책이예요 시간남을때 아주 잘 읽혀요! 글자크기도 눈에 잘 들어오고 좋은책 빠른배송으로 받아보아 너무 좋아요! 교보문고가 제일 배송도 빨라서 좋네요~
인문,사피엔스,4,왠지 읽어보고 싶을 때 보게 되는 책이네요~
인문,사피엔스,4,기대한만큼 좋았던 책 속편도 기대된다
인문,사피엔스,4,추천 받아 읽었는데 재미있게 잘 봤습니다.
인문,사피엔스,4,"이 책이 대단한 이유는 돈,신화,언어,제국등 이미 남들이 발견한 것들을 아울러 ""상상의 허구""라는 단어를 통해 인간이 동물과 구별되는 본질을 꿰뚫고 있음"
인문,사피엔스,4,재밌는 인문학 도서. 좋습니다.
인문,사피엔스,4,아주 좋습니다. 감사합니다.
인문,사피엔스,4,좋은책입니다 ! 시간가는줄 몰랐어요 ~ 무척 재미있고 내용도 유익했어요 내용도 잘 읽혀요 !! 빠른 배송으로 편하게 읽고 있습니다
인문,사피엔스,3,인류의 기원 과학에 대한 탐구를 위해 구매
인문,사피엔스,4,'사피엔스' 드디어 시작입니다.
인문,사피엔스,4,정말 잘 읽었습니다. 오랜만에 집중해서 읽은 책이에요
인문,사피엔스,4,올래 독서목록에 있는 책
인문,사피엔스,4,교수님이 추천하는 책이라서 그매했어요 기대됩니다!
인문,사피엔스,4,반드시 정독해야 할 필독서
인문,사피엔스,4,사 피 엔 스
인문,사피엔스,4,인류가 걸어온 길 그 역사를 바라보는 통찰력이 매우 흥미롭게 느껴졌습니다
인문,사피엔스,4,재미있어요. 잘 읽고 있습니다.
인문,사피엔스,4,인간 역사와 전망을 통찰력 있게 분석한 책
인문,사피엔스,3,다이나믹한 인류의 일대기를 본 기분이다.
인문,사피엔스,4,조금 어렵지만 읽어보겠습니다^^
인문,사피엔스,4,"기발하고, 유익하고, 잘 읽히는 책. 무엇보다 재미있다."
인문,사피엔스,3,워낙 유명하길래 구매
인문,사피엔스,4,어려울 줄 알았는데 생각보다 읽기 쉬우면서 얻는 건 많은 책이었습니다. 관점들이 새로운 부분이 많아서 재밌었어요. 같은 내용 반복이 많은게 아쉽지만 한편으로는 그 덕분에 더 읽기 쉽다고 느낀 것일수도
인문,사피엔스,4,좋아요 추천합니다~~ 명작입.
인문,사피엔스,4,좋습니다. 워낙 유명한 책이라 재미있게 읽을께요.
인문,사피엔스,4,티비보고 읽고 싶어서 주문 해 봤어요.잘 읽을게요❤
인문,사피엔스,4,한번은 꼭 읽어봐야 할 책
인문,사피엔스,4,인간의 인류학적 걸어온 길을 쉽게 이야기한책. 우리가 현재 살아가고 있는 길이 왜 그렇게 되었는지를 이야기 하는 책입니다. 정말 좋습니다.
인문,사피엔스,4,인간의 사회적 진화에 관한 이야기다.
인문,사피엔스,4,말해뭐해요. 인생에 한번쯤 읽는다고 절대 손해볼 일 없는 책
인문,사피엔스,4,정독할 필요가 있어요
인문,사피엔스,4,내용이 너무 어렵지 않았어요 그래서 편하게 읽을 수 있었고 다들 꼭 읽어보셨으면 좋겠어요
인문,사피엔스,1,제국주의를 예찬하는 장면은 읽는 내내 마음을 불편하게 만들었다.
인문,사피엔스,4,사람이 꼭 읽어봐야 될 책이라 생각합니다
인문,사피엔스,4,빠른 배송 감사합니다.^^
인문,사피엔스,4,역사공부가 문득 하고싶어서 이것 저것 찾아보다 이책이 추천으로 자주 뜨길래 구매했습니다 책 자체는 오래 전부터 익히 알고 있었던지라 과연 이 두꺼운 책에 도전 할 수 있을까 걱정부터 들었지만 일단 구매 하면 언젠가는 읽겠지 싶어 대뜸 사버렸어요 역시나 읽기전 리뷰입니다~ 하하
인문,사피엔스,4,의미로운 어떤 질문과 마주하는 기쁨을 누리세요.
인문,사피엔스,4,너무좋은책이입니다 추천해요
인문,사피엔스,4,고등학교 올라가는 조카가 읽어야한다고해서 주문했어요 생각보다 어려운 책 인거같아요
인문,사피엔스,4,여러가지로 깊게 생각할 수 있는 계기가 되었습니다.
인문,사피엔스,4,정독해 보려고 합니다
인문,사피엔스,4,강추하는 책이라 좋을거 같아요.
인문,사피엔스,4,집중하고 정독하면 좋을고같아요
인문,사피엔스,4,아주 좋습니다 아이와 함께 봅니다
인문,사피엔스,4,믿고보는베스트셀러~~다읽을수있을지ㅎㅎ도전!!
인문,사피엔스,4,지인께 선물해 드렸는데 좋아요! 교보 혜택도 받고 너무 유용해요!
인문,사피엔스,3,...잘 읽었어요.
인문,사피엔스,4,흥미진진할것으로 생각된다.
인문,사피엔스,4,인생책입니다. 잘 안읽힐수 있지만 무조건 읽어야 하는 책이 아닐까 싶네요. 선입견과 고정관념을 버리고 꼭 보시길~세상을 보는 통찰력이 생길거에요^^
인문,사피엔스,4,현대인들에게 필요한 통찰을 주는 책입니다.
인문,사피엔스,4,역시 흥미로운 책입니다.
인문,사피엔스,4,유명한 교양서적(?) 사피엔스를 책장에 꽂기로 결심했습니다! 읽는 책의 종류를 넓히고자 합니다. 읽고 나서 관련 영상들을 찾아볼 예정입니다;
인문,사피엔스,4,인류에 대한 엄청난 고찰이 수반된 대단한 예측이자 분석 이런 사람을 천재라고 안 부르면 과연 누가 천재일까?
인문,사피엔스,4,추천받아서 꼭 읽고 싶었던 책!!
인문,사피엔스,4,"배송 잘 받았으며, 잘 읽어보도록 할게요. 감사합니다."
인문,사피엔스,4,너무 너무 감사합니다.
인문,사피엔스,4,총균쇠와 더불어 읽어보면 좋은 책
인문,사피엔스,4,예상보다 잘 읽힙니다. 필독서로 적극 추천합니다.
인문,사피엔스,4,인류의 역사를 책 한권에 담아냄
인문,사피엔스,4,읽기 좋은 책이네요 조ㅎ아요
인문,사피엔스,4,어렵지않고 기발하고 유익하다
인문,사피엔스,4,조카 선물로 교보문고 바로드림으로 구입했습니다. 사회 초년생이 된 조카의 앞날에 도움이 되길 기원합니다.
인문,사피엔스,4,왜 베스트셀러인지 알겠더라고요 두꺼운데도 재밌게 읽었어요 상식이 많이 채워질거라 생각합니다
인문,사피엔스,4,책장 한 켠을 기꺼이 내어 줄만한 책
인문,사피엔스,4,배송 빠릅니다 내용 좋아요
인문,사피엔스,4,꼭 한번쯤 읽어보아야할 책입니다.
인문,사피엔스,4,몇년간 구매할까만 망설이다 도서관대여로 읽어보다 역시 소장용이다 싶어 구매했어요. 천재!!!!
인문,사피엔스,3,인류에 대한 흥미로운 관점 역사 종교 부분은 좀 지루
인문,사피엔스,4,꼭 읽어야 하고 읽기를 권장합니다
인문,사피엔스,4,처음엔 좀 어려운것 같아 속도가 나질 않았는데 점점 읽어나가는게 수월해진것 같아여...
인문,사피엔스,4,빠른배송 굿굿굿굿굿
인문,사피엔스,4,잘 받았습니다 잘 읽을게요
인문,사피엔스,4,인간 문명의 발전을 보며 앞으로 미래를 바라볼 수 있을것 같아 읽고있는 중입니다
인문,사피엔스,4,전자책으로 다 읽고 좋아서 소장용으로 구매
인문,사피엔스,4,인류의 역사에 대해 깊게 생각해보는 계기가 될것 같은 책
인문,사피엔스,4,작가의 상상력에 족경을 표합니다 이 책을 읽으면서 인간에 대한 생각이 많이 바뀌었습니다~~^^
인문,사피엔스,4,정독합니다! 좋아요
인문,사피엔스,4,너무 재미있고 흥미롭습니다
인문,사피엔스,4,사피엔스는 진화하고 현재 다른종을 진화시키고있다.
인문,사피엔스,4,너무읽고싶엇는데 드디어 구매햇네여
인문,사피엔스,4,인류 공부에 도움 됩니다
인문,사피엔스,4,음미하며 잘보겠습니다
인문,사피엔스,4,흥미로운 주제 덕분에 재미있게 책을 읽을 수 있었습니다. 인류의 역사를 알아보기 좋은 책이에요
인문,사피엔스,4,자연의 섭리에 도태되지 않게 준비를 생각하게 해주는 책
인문,사피엔스,4,역시나 명불허전입니다.
인문,사피엔스,4,우리가 모두가 지금을 살아가고 다음시대를 맞기 위해서 고민해야할 것들이 모여있다. 읽을수록 생각이 많아진면 잘 읽은 것이 아닐지... 자유로운 생각을 글로 펼쳐내는 우발 하라리의 글쓰기가 참 부럽다.
인문,사피엔스,3,딱딱할것 같지만 상당히 재밌습니다
인문,사피엔스,4,인류의 역사를 선사시대 부터 미래까지를 기술하는데 있어 과학에 근거하여 기술함으로 주장에 대한 신뢰도를 높여 읽으면서 설득이 되어 간다.
인문,사피엔스,4,남편이 부탁해서 구매했는데 무척 잘 읽어요.
인문,사피엔스,4,누구나 읽고 인간에게 국가란 무슨의미인지 과학이 왜 발전하게 되었는지 생각해보길
인문,사피엔스,4,워낙 유명하지만 제대로 읽어보지는 않은...책인것 같습니다 이번에야말로...!!
인문,사피엔스,4,아직 읽기 전이지만 기대되네요
인문,사피엔스,4,좋은 책 잘 읽었습니다!
인문,사피엔스,4,유발하라리 세계적인 석학으로 불리는 이유가 있습니다. 세상을 읽고 싶다면 이 책을 읽으세요
인문,사피엔스,4,깊이 이해하려면 정독해야 하고 정확히 이해하려면 배경지식이 좀 필요해요. 생각보단 오래걸리지만 통찰이 오는 책!
인문,사피엔스,4,초등학생이 읽기 어려운 책인데 담임쌤 추천으로 샀어요. 아이가 읽기엔 좀 어려워해요
인문,사피엔스,3,필독서라 샀어요 . 재밌어보여요
인문,사피엔스,4,읽고 싶었던 책이어서 구매했습니다. 워낙 유명한 책이라 기대가 되네요.
인문,사피엔스,4,동물들 중 뛰어난 사고의 능력으로 새로이 사는 사람의 모습을 정확히 연출을 해주니 다시금 나 자신을 돌아보며 앞 날을 상상해보게 합니다.
인문,사피엔스,4,"사람의 이야기란? 역사속에서 또 다른 변화를 연출하게 해주니, 새로운 상상속의 사피엔스로 연출해주니 또 다시 보게 딥니다."
인문,사피엔스,4,인간의 역사에 대해 전체적으로 알 수 있어 좋아요
인문,사피엔스,4,과학의 혁명이 인류 스스로 무지를 인정하고 전대미문의 힘을 얻기 시작했다는 사실이...놀라웠다
인문,사피엔스,4,인류학에 대해 잘 설명해줘요
인문,사피엔스,3,살짝 어려워요 그래도 읽어볼만합니다
인문,사피엔스,3,살짝 어렵네요 ㅠㅠ
인문,사피엔스,3,"아직 읽진 못했지만, 기대 됩니다."
인문,사피엔스,4,내용 너무 좋습니다^^
인문,사피엔스,3,좋은 책입니다. 추천합니다.
인문,사피엔스,4,진짜 책 좋습니당
인문,사피엔스,4,스테디셀러라 구입했어요. 유익해요.
인문,사피엔스,4,인류사 명고전
인문,사피엔스,4,진짜 좋아요! 추천합니다!
인문,사피엔스,4,추천합니다!
인문,사피엔스,4,이북으로 가지고 있는데 아무래도 책이 좋을것 같아서 재구매 했습니다.
인문,사피엔스,4,재미있습니다. 어떤 새로운 법칙을 배운다기 보다는 지금까지 주어진 지식들을 다른 방향으로 보게 하는 책이라고 생각됩니다.
인문,사피엔스,4,시작은 쬐금 어려워요^^
인문,사피엔스,4,잘 읽었습니다~ㅎㅎ
인문,사피엔스,4,괜히 베스트셀러가 아닙니다. 너무 좋아요
인문,사피엔스,4,나의 정체성에 대해 생각해 볼 수 있는 계기가 되는 책으로 모든분들이 읽어볼만한 가치가 있는 책이에요 추천
인문,사피엔스,4,워낙 방대한 양의 정보가 있다보니 읽기 쉬운 편은 아니지만 좋은 것 같아요.
인문,사피엔스,4,아직읽지는못했지만 평보면 만족할듯
인문,사피엔스,4,유발하라리작품 생각보다 쉽게 읽히고 재미있어요
인문,사피엔스,4,아직모르겠어요
인문,사피엔스,4,어려운 내용이지만 유익하네요
인문,사피엔스,4,필독서.
인문,사피엔스,4,"유일하게 존재하고 있는 호모 사피엔스 이 책은 인지혁명, 농업혁명, 인류의 통합, 과학혁명의 내용으로 되어 있다."
인문,사피엔스,4,브라잇이 추천해준 책이라 읽었는데 흥미로웠어요!
인문,사피엔스,4,이제서야 읽어본 사피엔스. 왜 사피엔스가 유일한 인류류 남게 되었는지를 10만년 전으로 거슬러 올라가 생각해본다. 인류 문명/문화사를 훑어오며 미래를 전망하고 있는 책. 시대별로 서술하되 논리성을 잃지 않은 저자의 명석함이 돋보이는 책으로 누구에게나 추천하고 싶다.
인문,사피엔스,4,아주 좋은 책입니다.
인문,사피엔스,4,주제가 조금 어려워요ㅠㅠ
인문,사피엔스,3,좀 읽다 쉬고 있어요
인문,사피엔스,3,약간 지루해요
인문,사피엔스,4,유발 하라리의 인류에 대한 깊이 있고 놀라운 통찰력이 있는 작품이다.
인문,사피엔스,4,유발하라리의 인류에 대한 놀랍고도 통찰력있는 너무도 유명한 베스트 셀러작이리라서 리뷰가 무슨 소용인가 싶을 정도다.
인문,사피엔스,4,영상이나 리뷰나 띠지에 써진 말들을 봤다. 요즘 정말 많은 사람들이 관심을 가질만한 사건같다는 생각을 했다. 이 시리즈 3부작인 걸로 알고 있는데 끝까지 잘 읽고 싶다는 욕구가 마구마구 들게 해주는 책이다.
인문,사피엔스,3,"인간의 역사와 문화, 이데올로기(경제- 자본주의. 종교)에 관한 연결고리를 하나씩 꿰어 나가는 느낌이 들었습니다. 인류의 역사와 미래에 대해 조금이나마 고찰할 수 있는 글입니다."
인문,사피엔스,4,"그동안 밀려있던 책들을 완독하고, 비교적 늦었지만 책을 구매해서 읽기 시작했다. 문장이 간결하고 번역도 잘 된듯하다. 사유의 즐거움을 느낄수 있다."
인문,사피엔스,4,정독해요
인문,사피엔스,4,내용자체가 엄청 신선하고 흡입력이 있어요!!
인문,사피엔스,4,오랜만에 책다운 책을 만났네요. 난이도가 좀 있지만
인문,사피엔스,4,여기저기 흩어진 생각들을 모아서 정리해보는 시간을 가지게되네요.
인문,사피엔스,4,한번쯤 읽어보기 좋은책
인문,사피엔스,4,완전 재밌고 내용도 괜춘
인문,사피엔스,4,인류의 진화과정을 흥미롭게 알게 해줍니다. 재밌는책입니다ㅎ
인문,사피엔스,4,소장가치가 있는 책입니다
인문,사피엔스,4,전자책으로 읽다가 너무 답답해서 종이책으로 다시 구매했어요.
인문,사피엔스,4,좋은 책
인문,사피엔스,4,일단 앞부분만 읽고 있는데 재밌네요
인문,사피엔스,4,재밌어요~ 올해 나의 첫번째 책으로 픽!!!
인문,사피엔스,4,이래서 독서가 필요함
인문,사피엔스,4,좋아요. 잘 보고 있습니다.
인문,사피엔스,4,조금 어렵지만. 끈기있게 읽고 있어요 재미있어요^^
인문,사피엔스,4,너무도 읽고 싶은 책이었어요
인문,사피엔스,4,책이 두껍긴하지만 틈틈히 읽는 재미가 있습니다
인문,사피엔스,4,너무 좋아요~
인문,사피엔스,4,"지평이 넓어진 느낌입니다. 7만 년간의 방대한 분량을 훌륭한 스토리텔링으로 이해하기 쉽게 풀어냅니다. 범람하는 지식에 힘들었지만, 열심히 읽고 소화했습니다."
인문,사피엔스,4,좋은책입니다
인문,사피엔스,3,인류문명에 대해서 깊이 생각할 수 있게 해주는 책이네요.
인문,사피엔스,4,빅퀘스쳔이란 방송보고 어떤 사람 어떤 얘긴지 궁금해서 주문했어요 꼼꼼히 정독하려고 합니다
인문,사피엔스,4,재밌네용. 인류학 등등.. 읽어볼만해요
인문,사피엔스,4,괜히 필독서겠는가. 고등학생부터 읽으면 딱 좋을 것 같다.
인문,사피엔스,4,좋은 책 잘 읽을께요
인문,사피엔스,4,책 잘보고 있어요
인문,사피엔스,4,읽고있는중입니다
인문,사피엔스,3,집중해서 읽어야하는 책이네요
인문,사피엔스,4,생각을 많이 하게 되네요
인문,사피엔스,4,재미있어서 착을 놓지 못하겠어요
인문,사피엔스,4,누구나 알고 있듯이 읽기에 좋은 그리고 한번은 읽어 보아도 좋은 책
인문,사피엔스,4,딸아이가 읽겠다는데 응원하고 있습니다..^^
인문,사피엔스,4,정독중입니다 좋은책이네요
인문,사피엔스,4,"책을 읽어가며 유발 하라리의 통찰력과 폭넓은 지식에 굉장히 놀랐고, 그러한 데이터들을 모았다는 것이 대단하다고 생각했다."
인문,사피엔스,4,"역사, 진화, 인류학 등 다양한 분야를 아우르는 통섭적 고찰이 흥미롭다."
인문,사피엔스,4,만족합니다.
인문,사피엔스,4,재미있게 읽겠습니다.
인문,사피엔스,4,명저를 읽기 위해 구입했습니다. 정독할게요
인문,사피엔스,4,논리적이고 정리가 잘된 글이에요
인문,사피엔스,4,지구 대서사시 방대한 스토리에 감동할 준비를 미리 하고 보아야할 책
인문,사피엔스,3,어럽지만 열심히 읽고 있어요
인문,사피엔스,4,인류의 역사를 알수있는 책
인문,사피엔스,4,아직 안읽어봤지만 기대돼요
인문,사피엔스,4,역시 좋아요
인문,사피엔스,4,좋어요
인문,사피엔스,2,유용한 관점들이 몇있지만 책 읽기 즐겁지는 않았다
인문,사피엔스,4,세상을 보는 눈을 더 트이게한다
인문,사피엔스,4,재밌어요
인문,사피엔스,4,기대됩니나
인문,사피엔스,3,괜찮게 잘 읽혔어요
인문,사피엔스,4,유익해요 ^^
인문,사피엔스,3,잘 받고 잘 읽고 있습니다 감사합니다
인문,사피엔스,4,기존의 지식에 반론된 저자의 생각을 읽다보면 어느새 공감하고 있는 나 자신을 보게 될 것이다.
인문,사피엔스,4,"열린 관점, 다양한 관찰, 복합적인 전문화된 여러분야의 학습이 앞으로 중요한 갈이라 느껴지는 글"
인문,사피엔스,4,좋은내용으로 잘 읽겠습니다
인문,사피엔스,4,어려운듯 하지만 정독할랍니다
인문,사피엔스,4,페이지가 좀 있는 편이지만 잘 보고 있습니다.
인문,사피엔스,4,아주 좋습니다 필독
인문,사피엔스,3,"초딩딸램이 사 달라고 해서 샀는데, 아직 안 읽고 있습니다. 이렇게 두꺼운 줄 몰랐나 봐요. 제가 읽고 독서평 다시 올리겠습니다."
인문,사피엔스,4,재밌게 읽고 있습니다. 유익하네요
인문,사피엔스,4,역사를 반추하여 지금을 살아간다
인문,사피엔스,4,정독하면 재밌어요. 모두 행복한 사피엔스가 되길 희망합니다.
인문,사피엔스,4,유발하라리 진정 이야기꾼이네요. 어려울수 있는 내용으로 600페이지에 달하는 이 책이 이렇게 술술 읽히다니...... 도전으로 시작한 책이었는데 정말 그냥 읽혀요~~
인문,사피엔스,4,배송도빠르고 만족합니다.
인문,사피엔스,4,최고의 인문서적 입니다.
인문,사피엔스,4,눈이 침침해 오래 읽지는 못해도 예전에 세계사 읽는 기분으로 읽고 있답니다
인문,사피엔스,4,쉽지않은 책이지만 나름 재미있습니다
인문,사피엔스,4,제레드 다이아몬드의 총균쇠 급 정도는 아니지만 훌륭한 도서이다 공자를 성인이라 하면 맹자를 아성이라하듯이..../
인문,사피엔스,4,디베이트 교재로 구입했습니다
인문,사피엔스,4,필독서입니다
인문,사피엔스,4,난해하지만 도전해 볼 만한 가치가 있습니다.
인문,사피엔스,4,당연시 여기며 살았던 것들에 대한 본질을 설명해주고 있어서 너무 재밌게 읽었어요. 특히 농업혁명 파트 흥미로웠어요 기대를 많이 했어서 실망하면 어쩌나 했는데 문체도 문더더기 없고 깔끔하고 내용도 쉽게 잘 풀어놓았어요. 두번세번 읽으면 더 좋을 책이에요. 아주 만족 :)
인문,사피엔스,4,인류의 문화와 정체성 등을 다른 시각에서 바라보게 만드는 책이다. 제레드 다이마몬드 교수의 평이 틀리지 않았다.
인문,사피엔스,4,선물하기 위해 또 구매합니다.21세기의 필독서.
인문,사피엔스,4,토론교재로 구입했습니다
인문,사피엔스,4,저는 인류의통합까지는 술술 잘 읽혔어요 전반적으로 새로운 시각이 신선했고 나름 공감되는 부분도 있고 배움이 있는 책입니다 같이 구매한 호모데우스도 기대가 됩니다
인문,사피엔스,4,어렵지만 재밌는부분이 있네요
인문,사피엔스,4,우리 인류의 역사를 알 수 있다
인문,사피엔스,4,두꺼운 책을 다 읽었다는 자만심 보다는 새로운 세계에 대한 준비 마음을 가지게 하는 명서
인문,사피엔스,4,한번 읽어 보는게 아니라 두고 두고 볼 책입니다
인문,사피엔스,4,"어려운 책이지만, 읽음으로 지식+1 추가되었습니더."
인문,사피엔스,4,인간에대해 생각해봅니다
인문,사피엔스,4,필독서라고 하여 구입했어요 아직 몇쪽 안읽었지만 재밌을거같아요
인문,사피엔스,4,기대되는 책입니다. 읽는 중~
인문,사피엔스,3,기대되는 책입니다
인문,사피엔스,4,어려운 얘기가 술술 읽혀요
인문,사피엔스,4,내용 신박했다 그걸로 됐다
인문,사피엔스,4,굿굿ㅎㅎ
인문,사피엔스,4,기대 반 걱정 반... 부디 어렵지 않기를...
인문,사피엔스,4,난해한 책이지만...도전^^
인문,사피엔스,4,사피엔스 읽기어려워도 재미나요
인문,사피엔스,4,잘 읽어 보겠습니다
인문,사피엔스,4,너무 좋아요. 꼭 ~~
인문,사피엔스,4,방대한 지식이 너무나 쉽게 한번에 다가온다
인문,사피엔스,4,세상을 보는 예리한 눈
인문,사피엔스,4,요즘 언론에서 많이 언급되는 책이라 읽게 됐는데 재미있습니다
인문,사피엔스,4,초반 부분을 조금 읽었는데 논리적이고 흥미롭습니다
인문,사피엔스,4,생각보다 어렵지 않고 잘 읽힙니다
인문,사피엔스,4,기대됩니다
인문,사피엔스,4,책은두꺼워도 좀느리지만 잘 읽혀요
인문,사피엔스,4,무엇을 예상하고 기대해도 그 이상의 충격을 선사하는 책
인문,사피엔스,4,어렵다고 생각해서 미루고 미루다 이번에 사서 앞부분 읽어봤는데 생각보다 잘 읽히고 내용도 흥미로워요
인문,사피엔스,4,두껍지만 재미있다
인문,사피엔스,4,꼭 읽어봐야 할 책
인문,사피엔스,4,천천히 정독하고 있습니다 책 끝까지 읽고 난뒤를 기대해 봅니다
인문,사피엔스,3,드뎌 이제 읽네여 너무 너무 기대되여 ㅋ
인문,사피엔스,4,어려운 내용을 이야기처럼 이해하기 쉽게 써준 책. 두껍지만 잘 읽혀요! 소장하고 여러번 읽어야 할듯 합니다.
인문,사피엔스,4,꼭 읽어야 할 책!
인문,사피엔스,4,인류의 문명화를 풀어나가는 내용과 관점에서 감탄하게 됩니다! 정독할수밖에 없어요
인문,사피엔스,3,잘읽었습니다
인문,사피엔스,4,좋아요.
인문,사피엔스,4,인지혁명에서 지금까지 그리고 미래...
인문,사피엔스,4,너무 두꺼워 벽돌책이라 불리는 ^^ 도전합니다 한자 한자 음미 하면서 읽어봐야겠어요
인문,사피엔스,4,쉽지는 않지만 꼭 한번은 읽어봐야 하는 책이에요.
인문,사피엔스,4,유발 하라리..그는 전설...ㅋㅋ
인문,사피엔스,4,다 읽었지만 50%도 이해하지 못했네요. 하반기에 다시 읽어야겠습니다. 너무 유익한 책입니다
인문,사피엔스,4,재밌어요. 슬슬 읽혀요
인문,사피엔스,4,인간이 지구에게 영향을 끼쳐왔던 사실을 생물학적으로 설명한 책. 더 나아가서 인간이 얼마나 잔인해 왔는지 알 수 있음.
인문,사피엔스,4,현시대를 바라보는 새로운 통찰력을 갖게 해주는 책이다.
인문,사피엔스,4,"흥미롭고, 색다른 이론들입니다"
인문,사피엔스,4,아직 읽기전이지만 새로운 관점을 볼수 있을것같아 기대되요
인문,사피엔스,4,이모가 추천해주신 책이라서 엄마 선물로 사드렸는데 무척 좋아하시네요 책 두께가 있는지라 책이 망가지지않게 효과적인 포장 너무 감동이네요 잘 읽겠습니다 책 안에 싸인도 너무 멋져요!!! 항상 빠른 배송 감사합니다^^!
인문,사피엔스,4,잘 읽어보고 소중히 간직하겠읍니다
인문,사피엔스,4,필독서��
인문,사피엔스,4,너무좋아요
인문,사피엔스,4,책 새로 내주세요. 기다립니다
인문,사피엔스,4,재밌을 것 같아서 구매
인문,사피엔스,4,유발 하라리의 합리적 고찰. 역사의 섬세한 결이 느껴지는 책입니다.
인문,사피엔스,4,글씨체가 너무 작지않아서 좋습니다
인문,사피엔스,3,배송이 빨라서 좋았어요. 어렵지만 천천히 읽어보려구욤
인문,사피엔스,4,아직못읽어보고있는데 기대됩니다.
인문,사피엔스,4,항상 내가 생각했던 실제의 실제와 가상의 실제의 차이를 명확하게 알려준 책 . 이책을 지금 읽은게 너무 기쁘다. 내용이 굉장히 알차다.
인문,사피엔스,4,강의듣고 구매해서 읽고있어요
인문,사피엔스,4,안전하게 배송됬습니다
인문,사피엔스,4,근래 읽은 책 중에 제일 재밌었어요!
인문,사피엔스,4,우리는 어쩌면 아직도 사피엔스일지도 모른다.
인문,사피엔스,4,새로워서좋아요
인문,사피엔스,4,희대의 역작입니다. 인류를 고찰할 수 있었던 좋은 시간이었습니다.
인문,사피엔스,4,꼭 읽어야 책.
인문,사피엔스,4,좋습니다. 좋습니다
인문,사피엔스,4,평소 읽어보고 싶었던 책인데 할인가격으로 구매해서 만족 스럽습니다.
인문,사피엔스,4,한 번 쯤 읽어볼 만한 책
인문,사피엔스,4,다 읽고 나니 호모 사피엔스로서 자랑스럽고도 죄스러운 모순적인 감정들이 치솟네요. 개인적으로 인간은 이데올로기의 숙주일 뿐이라는 말이 기억에 남습니다. 과연 다가올 새로운 세기의 사피엔스들의 삶은 어떠한 모습일지 궁금해져요. 부디 이성적으로 올바른 선택들을 이어가 개개인의 행복(인간뿐 아니라 많은 생물들의)이 높아지는 사회를 이룩할 수 있기를 바랍니다.
인문,사피엔스,4,통상적 주제이지만 관점과 질문이 다르다
인문,사피엔스,4,역시 읽어보면 좋은 책입니다.
인문,사피엔스,4,인류의 흐름을 다시금 알 수 있었다
인문,사피엔스,4,사피엔스에게 일어났던 여러 혁명을 통해 사피엔스라는 종에 대한 깊은 고찰을 하고 있다.
인문,사피엔스,4,알고 있는 것과 알아 가는 것 사이의 불편한 동거.
인문,사피엔스,2,어려워요
인문,사피엔스,4,다양한 시각을 길러줄 수 있는 좋은 책! 읽기쉽도록 쓰였으며 내용또한 매우 흥미로웠습니다. 다음에는 총균쇠를 읽어보고 싶어지네요!
인문,사피엔스,4,좋아요~~~
인문,사피엔스,4,생각보다 술술 잘 읽혀요
인문,사피엔스,4,유발 하라리의 뛰어난 통찰력을 배울 수 있었습니다.
인문,사피엔스,4,최고에요
인문,사피엔스,4,읽기시작한 것은 한참되었는데 도서관에서 빌려서 읽다가 맥이 끊겨서 다시 구매했네요ㅎㅎ 꽤 두껍지만 은근 흥미롭고 추천합니다
인문,사피엔스,4,필독!! 코로나때 정독하면 좋은책
인문,사피엔스,3,아직 읽는중이지만 읽어가며 새로운 지식이 점점 쌓이는거 같어요!
인문,사피엔스,4,어떻게 이러한 관점으로 접근할 수 있는지 읽는 내내 감탄하게 됩니다. 잘 읽히고 재밌습니다
인문,사피엔스,4,추천합니다.
인문,사피엔스,4,사피엔스로 살아가면서 알아야 할 것들.
인문,사피엔스,3,저한테는 어려운 책이지만 읽어 두면 좋을거 같아 시간 되는대로 한 번 더 읽어 봐야 겠어요 전체적으로 유익한 책입니다
인문,사피엔스,4,모두읽어보면 좋을거같아요
인문,사피엔스,4,생각보다 잘 읽히네요.
인문,사피엔스,4,책읽어드립니다보고 직접 읽어보고싶어서 구매했어요. 재밌네요
인문,사피엔스,4,새로운 시각이 재미있어요! 항상 교보문고에서 사고 배송받는데 너무 깔끔해서 좋네요
인문,사피엔스,4,"아직 초반 도입부를 읽고 있기 때문에, 전체의 내용은 잘 모르겠음. 단지 저자가 말하고자 하는 내용을 100% 받아들이기보다는 나의 생각과 비교해 보면서 읽고자 함"
인문,사피엔스,4,지루하지 않은 역사서. 베스트셀러의 가치가 있다.
인문,사피엔스,4,지루하지 않은 역사서로 적극 추천
인문,사피엔스,4,좋아요~~
인문,사피엔스,3,인류가 지구에 미친영향을 알게되어 좋다
인문,사피엔스,4,좋아요~~^^
인문,사피엔스,4,잘 읽겠습니다
인문,사피엔스,4,좋아요!!
인문,사피엔스,3,어렵지만 꼼꼼히 읽어보려고요~^^
인문,사피엔스,4,조금 어렵지만 내용에 빠져들게 됩니다 흥미진진한 소설보다 끊기힘든 매력이 있네요
인문,사피엔스,4,From one sapiens to another!!
인문,사피엔스,4,프로그램보고 영업당햐서 샀는데 재밌네요 ㅋㅋ
인문,사피엔스,3,역시 읽어보길 잘했네요. 비록 읽는데 시간은 꽤 걸렸지만 뿌듯합니다
인문,사피엔스,4,인류의 발상과 역사에 대해 유용한 것을 많이 알게 되었습니다.
인문,사피엔스,4,최고입니다
인문,사피엔스,4,어떤 새로운 시각을 줄지 기대가 된다.!!!
인문,사피엔스,4,반전이 있는 내용이라고할까요ㅋ제가 알고있는걸 뒤집네요
인문,사피엔스,4,통찰력에 박수를
인문,사피엔스,4,인류 역사에 대한 통찰력이 돋보이는 명작입니다.
인문,사피엔스,3,조카에게 선물했어요.
인문,사피엔스,4,"인간이 어떻게 인간다워졌는가, 동물을 학대하면서도 그런지 조차 모르는 인간의 모습을 느낄 수 있어 마음이 무거워지기도 하는 ... 아주 재밌고 어려울 수 있는 내용을 쉽게 잘 써내려가는 유발 하라리의 놀라운 능력^^"
인문,사피엔스,4,생각보다 잘 읽혔어요.
인문,사피엔스,4,잘읽겠습니다
인문,사피엔스,4,꼭 읽어보세요.
인문,사피엔스,4,새로운 관점에서 우리의 인류사에대해 생각하게해주는 책
인문,사피엔스,4,기발합니다. 읽을수록 이렇게 생각할 수 있구나...하는 생각이 드네요.
인문,사피엔스,4,생각을 많이 하면서 봐야하는 책이네요~
인문,사피엔스,4,여기저기서 추천을 많이 해주셔서 구입했습니다. 천천히 아이들과 함께 읽어보려합니다.
인문,사피엔스,3,저한테 많이 어렵고 정독해보려고 노력중입니다
인문,사피엔스,4,어려울줄 알았는데 잘 읽히는 재밌는책
인문,사피엔스,4,재미나요 두껍네요...ㅋ
인문,사피엔스,4,"아직 읽지는 않았지만, 뇌과학 책을 읽고 너무 궁금해서 이 책을 구매했습니다. 그럼에도 불구하고 책장에서 저를 기다린다고 생각하니, 현재가 정말 행복합니다."
인문,사피엔스,4,인류에 대한 접근이 매우 쉽게 읽히네요
인문,사피엔스,4,재미있을것 같아서 구매했어요~ 잘 읽겠습니다~
인문,사피엔스,4,유튜브보고 구매했는데 기대되네요
인문,사피엔스,4,굳굳굳
인문,사피엔스,4,유연한 지식의 흐름
인문,사피엔스,4,초반 완전 흥미진지~~ 엄청 잘 읽혀요~
인문,사피엔스,3,잘 읽을게요!!
인문,사피엔스,4,생각의 전환
인문,사피엔스,4,빠른 배송 감사합니다
인문,사피엔스,4,새로운 지적재산을 얻는 시간
인문,사피엔스,3,흥미로운주제 계속 기대하며 읽고있어요~!
인문,사피엔스,4,열심히 읽을께요^^
인문,사피엔스,4,유용하면서도 재밌고 무척 두꺼움에도 불구하고 술술 잘 읽힌다
인문,사피엔스,4,생각의 전환점인 책...작가분이 천재인듯...
인문,사피엔스,4,좋은책입니다.
인문,사피엔스,4,기대되요^^
인문,사피엔스,4,인류학을 통해 오늘날의 현실을 알아보는 아주 획기적인 책이었다
인문,사피엔스,4,정보가 많아요 ㅎㅎ
인문,사피엔스,4,인간에 대해 몰랐던 부분을 알 수 있어 좋았어요. 재미있습니다.
인문,사피엔스,1,이책 대신 총균쇠.....
인문,사피엔스,4,"상상의 것을 만들어 믿을 수 있는 독특한 능력으로 세상을 지배하게 된 인류, 호모사피엔스가 만들어낸 종교, 민족, 국가, 화폐, 이데올로기, 그리고 현생의 인간세상 모습 그 자체에 작가의 대담한 질문과 해석이 인상 깊었습니다."
인문,사피엔스,4,정독하겠습니다.
인문,사피엔스,4,재미있고 유익합니다
인문,사피엔스,2,유발 하라리의 학문을 뛰어넘는 지식에 놀람
인문,사피엔스,4,일개 생물 종의 하나일 뿐인 '호모 사피엔스' 에 대한 고찰
인문,사피엔스,4,학교에서 읽기를 추천해주는 목록에 있어서 구매합니다.
인문,사피엔스,3,"아직 차근차근 읽어가고 있는 책이다. 최근 한 프로그램을 통하여 접하게 되었는데, 전반적으로 인간에 대해 나에 대해 생각해볼 수 있게 해주는 책인 거 같다."
인문,사피엔스,3,핫해서 읽어봤는데 앞부분만 흥미롭고 뒤로 갈수록 지루한감이..
인문,사피엔스,4,딸 아이와 같이 즐겁게 읽고 있어요.
인문,사피엔스,4,너무 재미있게 잘 읽었어요. 추천합니다
인문,사피엔스,4,뭔가 한 단계 업그레이드되는 느낌...
인문,사피엔스,4,인류 문명을 해석하는 방법이 남달라서 좋았다.
인문,사피엔스,4,기발하네요
인문,사피엔스,4,"사피엔스 기원부터 발달한 역사, 발자취에 대해 그리고 앞으로 미래에 대한 고찰로 가득한 책"
인문,사피엔스,4,전자책으로 읽고 소장용으로 구매했어요
인문,사피엔스,4,새로순 시각을 갖게 하네요
인문,사피엔스,4,인류역사라는 흥미로운 주제를 다루고 있습니다.
인문,사피엔스,4,"많은 쪽수와 많은 기본 지식을 필요로 하지만 기본이 지식이 없는데로 또 그만큼 이해가 되는 책입니다. 생각해 보지 못한 인간의 역사들, 새로운 시각들, 고민들 좋았습니다. 다시 한번 읽어 봐야겠습니다."
인문,사피엔스,4,읽는데 시간은 조금 오래걸리지만 읽어볼만해요^^
인문,사피엔스,4,지구의 역사속에 아주 작은 부분을 차지한 인류의 성장은 과연 올바른 방향으로 가고 있는가? 하는 의문이 든다. 역사라는 것은 승자의 입장에서 쓰이기에 우리 인류는 위대하다고 볼수 있을지는 모르지만 우리가 과거부터 현재까지 지구 아니 우주라는 긴 소간속에 과연 기여한 것이 무엇인가 회고해 보는 계기가 되었다. 그리고 우리 인류가 앞으로 해야할 것이 무엇인가 고민거리를 주는거 같다.
인문,사피엔스,4,현대인이라면 무조건 읽어보는 게 좋은 책
인문,사피엔스,4,전체적인 인류역사의 흐름에 대해 읽어볼수있으며 생각하지 못했던 인류발전의 이면과 희생에 대해서 기술한 책! 생각의 관점에 변화를 준 책입니다!
인문,사피엔스,4,시대의필독서이다
인문,사피엔스,4,너무나 좋은책
인문,사피엔스,4,"인류사에 대해 흥미는 있는데 어떻게 접근해야하는지 몰랐습니다. 찾다보면 너무 전문적인 지식, 학문적 느낌이 강해서 어려웠어요. 근데 이 책은 접근하기 쉽습니다. 읽으면서 흐름이 이해되고 흥미로워요. 저와 비슷한 이유로 이 책에 대해 알게 되셨다면 이 책 구입해서 읽어보시는 것 추천합니다!"
인문,사피엔스,4,평소에 즐겨 있던 책의 스타일이 아니라 책을 읽는 진도가 좀 더디고 어렵지만... 생각할 여지를 주는 책입니다.
인문,사피엔스,4,도서관에서 맨날 대출중이여서 그냥 사버렸어요 너무 좋습니다
인문,사피엔스,4,과거와 현재의 발자취...
인문,사피엔스,4,재미있어요.꼭한번은 읽어보면 좋을듯합니다
인문,사피엔스,4,신선해요. 비판적 사고를 기를 수 있을 것같아요.
인문,사피엔스,4,잘일겅보겠습니다
인문,사피엔스,3,잘 읽혀요 설득력있어요
인문,사피엔스,4,도서관에서 빌려 읽다가 소장하고파서 즉시 구매했습니다. 인문학서 입문용으로도 훌륭하다고 생각합니다.
인문,사피엔스,4,문장도 잘 읽히고 내용도 좋아요
인문,사피엔스,4,도서관에서 빌려읽고 집에 두고 한두번 더 읽고 싶어 구매했습니다 *^^*
인문,사피엔스,3,읽기 쉽진 않아요
인문,사피엔스,4,당연하다 생각했던것에 다시 한번 생각해보게 되네요
인문,사피엔스,4,여지껏 당연하다 생각했던 것이 다르게 느껴지네요
인문,사피엔스,4,회사 선배가 야임마 넌 사피엔스나 읽어봤냐? 라는 말에 자극 받아 악으로 읽지만 금방 빠져들었습니다. 추천해주신 선배 감사합니다. 추천.. 아니... 자극...
인문,사피엔스,3,지식적 도움이 될 것 같아요
인문,사피엔스,4,정말 명저다. 또 사서 읽어도 아깝지가 않다도
인문,사피엔스,4,Excellent!
인문,사피엔스,4,천천히 정독하며 읽기 좋아요
인문,사피엔스,3,"사피엔스,,,,사피엔스... 읽어볼께요"
인문,사피엔스,4,읽어볼만한~~.
인문,사피엔스,4,기대했던 대로 만족입니다.
인문,사피엔스,4,작가가 방대한 양의 정보를 잘 모으고 편집해서 글을 위트있게 글을 썼네요 재밌어요
인문,사피엔스,4,두꺼워서 꺼리게 되지만 읽으면 도움이 되는 책
인문,사피엔스,4,최고의 인문학 서적입니다
인문,사피엔스,4,호모 사피엔스에 대한 이야기... 위트가 있는 책
인문,사피엔스,4,과학도들의 필독서
인문,사피엔스,4,워낙 유명한 책이라 정독해 보겠습니다.
인문,사피엔스,4,두꺼운 책인데 아들이 정독하네요
인문,사피엔스,3,어렵지만 완독하고픈책
인문,사피엔스,4,유발 하라리는 인간과 그 상상력의 위험성에 대한 내부 고발자다.
인문,사피엔스,4,제 인생 최고의 책입니다.
인문,사피엔스,4,아주 재미있게 잘 읽히는 책이에요. 총균쇠랑 비교하는 리뷰들이 많은데 저자의 생각이 강력하게 반영되서 더욱 좋다는 평에 동의합니다.재미있어요~
인문,사피엔스,4,티비 책을 읽읍시다 만큼 재미난것일지가 ~~ 의문..
인문,사피엔스,4,어렵지만 다른 시각으로 볼 수 있어요
인문,사피엔스,4,잘읽히네요
인문,사피엔스,4,다시 한번 정독해야겠어요.
인문,사피엔스,4,"정독을 하며 곱씹으며 읽어야 하는 책, 많은 양이라 읽기 쉽지 않겠지만 생물학도였던지라 이런 관점에서 보면 또다른 재미를 느낄 수 있는 책"
인문,사피엔스,4,이책은 tv에서 보고 구매의 용기를 얻어 읽었는데 정말 공부하면서 잘 읽엇습니다
인문,사피엔스,4,이시대의 고전을 써주셔서 감사합니다. 더불어 유발하라리가 유대인이라는 사실이 흥미요소로 다가오더군요^^
인문,사피엔스,4,필독서!!!
인문,사피엔스,4,유익해요!ㅎㅎ
인문,사피엔스,4,인류 역사에 대한 새로운 관점 글도 쉽게 쓰여져있어 술술 읽힙니다
인문,사피엔스,4,편하고 좋네요.
인문,사피엔스,4,읽을만한 가치가 있는 책입니다.
인문,사피엔스,4,유발 하라리의 통찰력에 감탄하며 읽고있어요 인간에 대해 좀더 잘 이해할 수 있게 되었습니다
인문,사피엔스,4,유익하기가 이루 말할 수 없다.
인문,사피엔스,4,회사 부장님 추천으로 구매했는데 흥미로운 부분이 많아서 잘샀어요
인문,사피엔스,4,학생들 졸업 선물로 자주 사게 됩니다.
인문,사피엔스,4,책 좋아요
인문,사피엔스,4,너무 재밌네요...가독성이 좋아서 분량은 많지만 금방 읽습니다
인문,사피엔스,4,좋은 내용 유용하게 잘 봤습니다 ^^
인문,사피엔스,4,세계사의 흐름에 대해 거대한 요인들의 굵직한 영향들을 따라 참신한 발상으로 서술했습니다
인문,사피엔스,4,잘 읽힙니다. 반문하게 되는 점들도 많지만 그만큼 흥미롭습니다.
인문,사피엔스,4,진지하고 흥미있는책
인문,사피엔스,4,역사를 한눈에 볼수있게 한다 감탄이 저절로 나옴
인문,사피엔스,4,재미있어요 강추요
인문,사피엔스,4,이번엔 소장용으로 한번 더 곱씹어 보렵니다
인문,사피엔스,4,전에 도서관에서 빌려 봤는데 방대한 분량 때문에 다 읽지 못했었던 터라 이번에 구매했네요. 많은 양에 비해 내용이 흥미로워서 페이지가 잘 넘어가요. 재밌고 좋은 책이에요 :)
인문,사피엔스,4,배송 빠르고 재미있게 읽을께요
인문,사피엔스,4,신선한 충격
인문,사피엔스,4,역사와 현대 세계에 가장 중요한 질문을 던지는 책
인문,사피엔스,4,학창시절 배웠던 지식이라고 생각했던 것 들을 깨부수는 반전매력이 있는 책이네요
인문,사피엔스,4,이책 그전부터 읽고싶었는데 페이지수에 놀라서 선택하지 못했다가 책프로그램에서 소개되어 꼭보고 싶더라구요. 정독할래요~
인문,사피엔스,4,배송 무지 빠르고요... 읽어본 후 후기 남길께요.
인문,사피엔스,4,내가 생각했던 인간의 역사관을 송두리째 뒤엎은 위대한 역사서였다. 명성에 뒤지지 않는 양서임에는 틀림없다
인문,사피엔스,3,한번쯤은 생각해봐야할 문제들이 있어 좋았습니다
인문,사피엔스,4,좋아요 꼭읽어야할책
인문,사피엔스,4,좋은 인문학 챙
인문,사피엔스,4,아직 안읽어보았지만 흥미로울 것 같아요. 미리보기 ㄴㅐ용으로만으로 이미 사로잡힌 책!
인문,사피엔스,4,"먼저 저자의 호모데우스를 읽고나니, 자연스럽게 사피엔스를 찾게 되네요."
인문,사피엔스,4,너무 재미있게 읽었어요. 이 인간종은 어떤 미래를 맞이할 것인가
인문,사피엔스,4,쉬운 내용은 아니라서 읽기가 어려웠지만 흥미롭게 읽고 있습니다
인문,사피엔스,4,잘읽었습니다.
인문,사피엔스,4,재밋고 유용해요
인문,사피엔스,1,인류 역사의 발자취를 따라가 봅니다.
인문,사피엔스,3,어렵지만 반복해서 읽으면 부분적으로나마 이해할 수 있겠더라구요 ㅎㅎㅎ
인문,사피엔스,4,2장 농업혁명에 대한 내용은 우리의 보편적인 생각을 뒤엎는 아주 기발한 작가의 생각에 재미있게 읽었어요.
인문,사피엔스,4,이 책을 읽기 시작하면서 독서노트를 쓰기 시작했을 정도로 저에게는 기발하고 유용하고 재밌는 책이었습니다. 다음에는 호모데우스를 읽어볼까 합니다.
인문,사피엔스,4,흥미로워요
인문,사피엔스,4,진작에 사서 읽었어야 했는데
인문,사피엔스,4,"내용 자체가 어렵긴 하지만, 역사를 새로운 각도에서 볼 수 있어 좋습니다. 워낙 유명한 도서라 아직 안읽으셨다면 추천합니다."
인문,사피엔스,3,땅을 파봐야 100원이 나옵니까.
인문,사피엔스,4,젛아요~~~~
인문,사피엔스,4,기발하고 추천하고 싶은 좋은 책입니다.^^
인문,사피엔스,3,흥미진진하고 지식의 호기심을 자극하네요^^
인문,사피엔스,4,호모 데우스를 읽고 읽어보고 싶어서 구매했고 읽어봤는데 너무 재밌어요
인문,사피엔스,4,"가장 좋아하는 도서로, 선물로 한권 더 샀습니다"
인문,사피엔스,4,인간역사를 공부할수 있겠네요 기대됩니다.
인문,사피엔스,4,책이 두꺼워서 읽기가 어려웠는데 정독하면서 천천히 읽을거에요 ^^
인문,사피엔스,4,너무 유명한 책
인문,사피엔스,4,정말 좋은 책 인 것 같습니다. 세계사에도 많은 관심이 생겼어요
인문,사피엔스,3,재미있습니다
인문,사피엔스,4,대학생 조카에게 선물하고 저도 다시 정독해봅니다.
인문,사피엔스,4,방송보고 구입합니다
인문,사피엔스,4,"이 시대를 살아가는 사람들의 필독서, 선물하기에 좋은 책."
인문,사피엔스,4,정말 좋은 책이네요..^^
인문,사피엔스,3,읽기는 힘들지만 꼭 끝까지 읽어야겠다는 의지가 생기는 책입니다.
인문,사피엔스,3,꼭 읽어봐야 할 인문서
인문,사피엔스,4,책의 명성만큼 인간에 대해서 흥미롭고 다른 관점으로 표현했다 재밌고 인간 본성에 대해서 다시 한 번 되돌아 보게 된다
인문,사피엔스,3,인류사를 바라보는 또 하나의 관점
인문,사피엔스,4,기대가 됩니다
인문,사피엔스,4,기대되는 책입니다.
인문,사피엔스,4,새로운시각을 제공하는 책이에요
인문,사피엔스,4,가독성이 엄청 좋아요. 재밌고 하라리 입문으로 딱!
인문,사피엔스,4,책읽어드립니다에서 자세히 소개되어서 읽어보려합니다 기대됩니다
인문,사피엔스,4,재미있게 술술 읽혀요. 인간에 대해 다시한번 생각해볼수 있게 해주는 좋은 책인것 같아요.
인문,사피엔스,4,꼭 읽어야할 책
인문,사피엔스,4,요즘책방 보고 구매합니다
인문,사피엔스,4,책 선물하기 좋아요!!
인문,사피엔스,4,총균쇠를 읽고 그다음 사피엔스를 읽었는데 지식의 지평이 시너지 효과로 넓어지는 것 같습니다 잘 읽었습니다
인문,사피엔스,4,어렵지만 정독하고있어요
인문,사피엔스,3,좋은 문장이 많아서 읽기 좋아요!! 추천합니다.
인문,사피엔스,4,정독하고있어요
인문,사피엔스,4,"가장 감명깊게 봤던 책으로, 선물을 위하여 한권 더 구매합니다."
인문,사피엔스,4,인문학의 새로운 기점을 생각해주게하는 시간이었습니다
인문,사피엔스,4,인류사에 대한 새롭고 참신한 시각
인문,사피엔스,4,"유발 하라리는 천재다. 사피엔스, 인간이라는 존재를 다시 생각하게 한다. 대박"
인문,사피엔스,4,"""인류""라는 종에 대한 깊은 고찰과 해석으로 문명에 대한 또다른 생각을 가질 수 있게 해주었습니다."
인문,사피엔스,3,인간이란 정말 어떤 존재인가에 대해 많이 생각하게 되네요. 이런 상황에서 저렇게 생각을 닫고 자기 합리화를 한다는 것이 무선운 인간의 내면인거 같아요
인문,사피엔스,4,최고의 책 인간을 이해하려면 꼭 읽어야한다
인문,사피엔스,4,완독하려고 구입했어요~
인문,사피엔스,3,생각하게 되는 책입니다
인문,사피엔스,4,잘 보겠습니다
인문,사피엔스,4,<책 읽어드립니다>..보구 드디어 시작합니다... 세상을 바라보는 새로운 시각..좋네요~
인문,사피엔스,3,이해하는데 어려운 문장이 많아 반정도 읽고 못펴고 있어요.
인문,사피엔스,4,인간의 변화 과정을 재미있게 풀어놓았음
인문,사피엔스,4,"한 번 읽을 때는 정보량이 많아 조금 어렵게 느껴지지만 신선한 충격으로 다 읽게 되었고, 한 번 더 읽으니까 속도가 빨라지면서 핵심내용이 뚜렷하게 느껴집니다."
인문,사피엔스,4,추천
인문,사피엔스,4,인류 역사에 대한 통찰력을 담은 책이. 인간이라는 종에 대해 다시한번 생각해 볼 수 있어요
인문,사피엔스,4,어려운 내용일수 있지만 이렇게 잘 읽힐줄이야
인문,사피엔스,4,인류역사를 대서사시로 기록한 노력이 보이네요. 깊은 성찰할 수 있는 도서로 판단됩니다.
인문,사피엔스,4,asdasdasdasdasdsad
인문,사피엔스,4,아.. 재밌네요. 내용도 어렵지 않아요
인문,사피엔스,4,한권인데 과대포장 ㅋㅋㅋㅋㅋ 암튼 잘볼게요
인문,사피엔스,3,인간의 진화 방향에 대한 유익한 도서 임.
인문,사피엔스,4,"인지혁명. 농업혁명. 인류의 통합. 과합혁명 으로 나눠져있어요. 총균쇠에어 영감을 받았다고 하네요 외계인이 봤을땐 지구에 오면 최고 포식자인 인간을 먼저 죽일거란말이 생각납니다. 어찌보면 외계인이 봤을땐 지구를 숨쉬게 하는 나무를 귀하게 여기지, 가장 위협적이고 도움이 되지 않는 인간은 제거 대상이라는거죠.. 인류문명과 과학의 발달은 인간의 욕심과 함께 언제까지 존속할까요.."
인문,사피엔스,4,기발하고 재미있는 책이에요
인문,사피엔스,4,기존의 상식을 뒤엎는 기발한 혁명
인문,사피엔스,4,읽어볼만한 책
인문,사피엔스,4,급변하는 시류에 미래를 예지하는게 쉽지 않습니다.
인문,사피엔스,4,기발해요!
인문,사피엔스,4,잘읽히는 책입니다
인문,사피엔스,4,감사합니다 좋은 책
인문,사피엔스,4,방송에서 소개되는거 보고 흥미가 있어 구매하게되었네요 글쓴이의 생각이지만 재미있네요
인문,사피엔스,4,벼르다 구입한 책~ 기대이상입니다.
인문,사피엔스,4,읽고싶었던 책이에요
인문,사피엔스,4,좋아요!
인문,사피엔스,4,고개를 끄덕끄덕하게 만드는 기발하고 재미난 책입니다
인문,사피엔스,4,인간의 시작과 인간의 끝- 읽고 머리로 느껴보고 싶은 책입니다.
인문,사피엔스,4,강추합니다
인문,사피엔스,4,유발 하라리의 인간에대한 역사적해석이 재미있는 책입니다~여러번 읽어도 좋은 책입니다~~
인문,사피엔스,4,변화하는 시대에 어떻게 대처해야할지 고민하고 되돌아보게 만든다
인문,사피엔스,4,인간에 대해 생각하게 되고 그동안 느끼지못하고 있었던 부분들에 대해 다시한번 생각해보게끔 하는 책이네요
인문,사피엔스,4,흥미진진한 내용 입니다
인문,사피엔스,4,술술잘읽히는책은 아니지만 생각을 많이하게되는 책이예요
인문,사피엔스,4,재미있어요!
인문,사피엔스,3,인류역사를 다시 보게 해주네요
인문,사피엔스,4,이제 나도 읽어보자.
인문,사피엔스,4,폭넓은 식견에 감탄하다
인문,사피엔스,4,선물용으로 구입했어요
인문,사피엔스,4,인문학 첫번째 책으로는 최고의 책인것 같습니다.
인문,사피엔스,4,정독해봅니다
인문,사피엔스,4,흥미진진해요
인문,사피엔스,4,4년전 출간도니 책이지만 여전히 베스트셀러
인문,사피엔스,4,좋은책이에여
인문,사피엔스,4,인류에 관한 새로운 시각을 제공한 책
인문,사피엔스,4,베스트셀러 믿고 사요.
인문,사피엔스,4,내용좋아요
인문,사피엔스,4,현재 나는 어디에 위치한 사람인지 앞으로 사피엔스는 어찌 변하는지 알 수 있었던 시간이었습니다
인문,사피엔스,4,추천합니다
인문,사피엔스,4,드디어 읽을수 있는 시간이 생겼네요 기대됩니다
인문,사피엔스,4,책이 아주 훌륭합니다^^
인문,사피엔스,4,끝까지 읽어봐야겠지만 흥미로운 내용이고 생각보단 잘 읽히네요!
인문,사피엔스,4,글이잘읽혀요
인문,사피엔스,4,사피엔스의 기록
인문,사피엔스,4,나를 찾는 여행
인문,사피엔스,4,유명한 책이라 기대됩니다
인문,사피엔스,4,유용합니다
인문,사피엔스,4,굿굿
인문,사피엔스,4,고등학교 필독도서애 포함되어 있어서 종이책까지 삽니다. 생각해볼 거리를 던져주는.책입니다. 바로그림으로 찾아왔는데 밀리언 에디션이라고 해서 표지가 바뀐 줄 알았는데 보유하고 있는 제고에서 내줬나 봅니다. 조금 실앙입니다.
인문,사피엔스,4,늦게 읽은 것이 후회됩니다
인문,사피엔스,4,꼭 읽어봐야 하는 책이네요
인문,사피엔스,4,기대되는 책입니다 시리즈로 구매
인문,사피엔스,4,정말 읽고 싶었던 책이네요!
인문,사피엔스,4,여러번 읽을 가치가 있는 책
인문,사피엔스,4,지구상 존재하는 모든 인류들이 앞으로 어떤방법으로 공존해야할것인가를 지구태생의 역사와 더불어 시대적인 흐름과 진화과정에서의 생존과 공생으로 재미있게 풀어나가는 아주 흥미로운 책이다.
인문,사피엔스,4,정독 합니다
인문,사피엔스,4,재미있게 읽고 있어요.
인문,사피엔스,4,죽음에 대해 진지하게 생각해 볼 계기가 되었다
인문,사피엔스,4,신선한 내용입니다 ^^
인문,사피엔스,4,겸손해집니다..꼭 읽어봐야 할 책입니다.
인문,사피엔스,3,인간에 대한 고찰을 해봅니다
인문,사피엔스,4,서점에서 읽다가 빠져들어 구매했습니다.
인문,사피엔스,4,재밌어서 술술 읽혀요
인문,사피엔스,4,최고의 인문학책^^
인문,사피엔스,4,"무엇보다 무서운 것은 호모 사피엔스를 능가하는 종이 언젠가는 나타나게 되리라는 점입니다. 지구라는 생태계에서 최상위 자리에 앉아 군림하고 있는 사피엔스가 유전자 조작이라는 어마어마한 진화 도구까지 획득하게 되어 더이상 자연선택을 기다리지도, 그리고 원하는 특성이 나타날때까지도 무수한 반복과 시도가 없어도 된다라는 이점으로 결국은 신의 자리까지 넘보게 되지만 결국엔 이를 능가하는 종이 생겨나 사피엔스의 위치마저 위태해질수 있다라는 생각은 섬뜩하기까지하네요. 전반적인 글의 흐름은 진화론적 입장에서 인간의 사회상들을 해석한 책들을 읽은 사람에겐 낯설지는 않는 내용들이네요."
인문,사피엔스,4,일독 할 만한 가치가 있는 책
인문,사피엔스,4,인간에 대한 접근이 참신하네요.
인문,사피엔스,4,좀 다른 시각에서 접근하는 책이에요 새로운 시각을 경험했어요
인문,사피엔스,4,책 좋습니다 완전 강추합니다
인문,사피엔스,4,삶은 아무런 의미가 없다
인문,사피엔스,4,열심히 읽고 있어요.
인문,사피엔스,3,이미 알려진 사실을 씨줄과 날줄로 잘 엮어 동합한 인간 기원에 대한 최고의 걸작!!!
인문,사피엔스,4,우리는 어디로 가고 있는가 아니 우리는 어디로 가야 하는가...
인문,사피엔스,4,이 책을 읽고 인문학이 재밌다는 걸 알았습니다.
인문,사피엔스,4,읽고싶습니다
인문,사피엔스,3,꼭 읽어보고 싶었던 책이여요
인문,사피엔스,4,정말 좋은 책입니다
인문,사피엔스,4,추천받아 기대 하며 읽고 있습니다.
인문,사피엔스,4,이 책을 읽은 자와 안읽은자로 나뉠것 같은 기분이 드는 책입니다
인문,사피엔스,4,인류 역사에 대한 놀라운 통찰
인문,사피엔스,4,스토리있는 역사와 과학 우리나라도 배워야해요. 제발~~
인문,사피엔스,4,추천을 받고 정독예정입니다
인문,사피엔스,4,매우 흥미롭고 재밌습니다. 유발 하라리는 절대 실망시키지 않네요.
인문,사피엔스,4,아이가 읽겠다고 한 책인데 제가 읽고 있습니다. 유발하라리의 인문사회과학을 보는 안목과 통찰에 감탄하며 읽게 되네요..
인문,사피엔스,4,너무 유용한 책이에요
인문,사피엔스,4,스토리가 궁금해서 계속 읽게되네요.
인문,사피엔스,3,전부터 읽고싶었는데 이제야 구매를 하게되었네요 잘읽을게요~
인문,사피엔스,4,잘 읽을께요~~
인문,사피엔스,4,"표지의 소개 글 마지막을 차지한 '위대한 질문'을 이 책의 백미라고 하겠다. 저자는 실제로 '총.균.쇠'의 거대한 질문에서 영감을 받아 다음과 같은 위대한 질문을 던졌다. ""우리 인간은 누구이며 무엇이 되고 싶어 하는가, 우리는 무엇을 원하고 싶어하는가?"""
인문,사피엔스,4,사피엔스가 지구를 지배하게된 역사를 광대한 시각으로 흥미롭고 풀어냈다.
인문,사피엔스,4,책이좋아요
인문,사피엔스,4,책 너무 좋아요
인문,사피엔스,4,유익해요
인문,사피엔스,4,친구 추천으로 샀는데 비교적 쉽개 정리되어 잘 읽혀요 두껍긴 하지만 인문학 서적으로 좋아요
인문,사피엔스,4,아직 다못 읽었지만 생각을 많이 하게 될 것 갇습니다
인문,사피엔스,4,많은 생각을 하게 됩니다
인문,사피엔스,4,관련 지식이 전혀없음에도 무리없이 잘 읽히고 책을 통해 지식의 틀을 확장시킬수있었어요.
인문,사피엔스,4,재미있게 보고 있어요.
인문,사피엔스,4,인간본성 에관한것이다
인문,사피엔스,3,호모데우스를 먼저 읽다가 나중에 알고 읽었어요. 괜찬은 책입니다.
인문,사피엔스,1,유용하리라 생각하며 구매합니다
인문,사피엔스,1,"1부까지 내용은 참신하고 여러 해석을 균형있게 제시하여 재미있었습니다.

하지만 2부 부턴 진부한 사실이 대부분이고,
사실에 관한 해석에서는 너무 받아들이기 힘든 부분이 많네요.

1부에서 ""~에 대해 안다고 자처하는 학자들의 이론은 ~보다 그 주창자의 편견에 대해서 더 많은 것을 알려준다.""라며 일반화는 조심스럽게 해야한다고 주장합니다.
하지만 결과는 자가당착에 빠진 모습을 보여주는 듯 하네요.

2부에서 ""수렵채집인은 다음 주나 다음 달에 대해 생각하느라 시간을 낭비하지 않았다.""라는 해석을 포함하여 계속해서 참 받아들이기 힘든 해석이 많이 나오더군요.

1. 시대적 배경을 감안하지 않는 오만한 해석
2. 자신의 전문 분야도 아닌 영역에 대해서 지나치게 단순하고 치우친 해석

이렇게 대다수의 평이 좋은 것을 보면 제 자신이 가장 큰 편견 속에 살고 있는지도 모르겠지만 그런 관점에서 본다면 좀 이해하기가 어려운 내용이네요..."
인문,사피엔스,4,생각보다 재밋게 읽엇습니다
인문,사피엔스,3,지금 저에게 유영한 책입니다
인문,사피엔스,4,너무 좋다.
인문,사피엔스,4,유용하고 재미있어요
인문,사피엔스,4,재미있네요.
인문,사피엔스,4,좋습니다!!
인문,사피엔스,4,너누 좋아요. 강추 합니다
인문,사피엔스,4,한번은 읽어 볼 필요가 있는듯 하네요
인문,사피엔스,4,만점
인문,사피엔스,4,유발 하라리
인문,사피엔스,4,"추천 받아서 읽었습니다. 느즈막히 리뷰 남기는 거지만, 왜 추천 받았는지 알겠는 책입니다. 유시민 작가님의 말씀처럼 총균쇠를 읽었다면 필히 같이 읽어볼만한 책인듯 싶습니다."
인문,사피엔스,4,알지 못했던 지식을 알게 됩니다
인문,사피엔스,4,시간의 흐름을 역사학과 생물학의 두 안경을 동시에 끼고 바라보는 책.
인문,사피엔스,4,생각보다 어렵지 않고 술술 잘 읽힙니다.
인문,사피엔스,4,과학자의 시선으로 본 인류의 과거와 미래
인문,사피엔스,4,망설이다 구매했는데 기대했던 것 만큼 좋인요
인문,사피엔스,4,생각보다 쉽게 잘 읽혀요
인문,사피엔스,4,인문학적 소양을 기르기를 원한다면 추천. 쉽게 잘 읽힙니다.
인문,사피엔스,4,넓은 시각으로 개괄하는 하라리의 글은 가끔 놀라움을 준다.
인문,사피엔스,4,가장 핫한 지성인이 쓴 책?
인문,사피엔스,4,재밌다
인문,사피엔스,4,호모데우스부터 읽고 역주행중입니다. 인류에 잔혹함은 현재진행형이네요 느끼는 바가 많습니다.
인문,사피엔스,4,우리 인류 자신의 존재에 대해 고민해볼수 있는 좋은 책이라 생각되네요
인문,사피엔스,4,빨리 읽어보고 싶어요
인문,사피엔스,4,재미있게 잘 읽고 있어요
인문,사피엔스,4,빨리 도착했네요 잘읽을게요 인간이 신을 발명할 대 역사는 시작되었고 인간이 신이 될 때 역사는 끝날것이다
인문,사피엔스,4,새롭고 기발한 작가의 시각이 매우 흥미롭습니다~도서관에서 대출하여 두번 읽고 이건 소장각이야 구매하였습니다~침대 머리맡에서 두니 흐믓합니다~^^
인문,사피엔스,4,첫장느낌좋음 열심히 읽어야지
인문,사피엔스,4,두고 두고 읽어볼만한 가치가 있는 우리 인류에 관한 책입니다. 어렵기만한 책은 아닙니다.
인문,사피엔스,4,친구 추천으로 구매했는데 내용이 방대하지만 아주 어렵지 않고 인류의 발전에 대해 생각해 보며 교양을 쌓고 있어요
인문,사피엔스,4,인류의 진화에 대해 다양한 분야의 각도에서 볼 수 있었던 좋은 책
인문,사피엔스,4,재미있네요
인문,사피엔스,4,엄청난 책입니다. 두고두고 읽을거에요 역사를 왜 공부하는지 우리 사피엔스가 어떤 인간인지 알게됩니다
인문,사피엔스,1,평이 좋아서 구매
인문,사피엔스,4,유시민이 읽은책
인문,사피엔스,4,오랜만에 생긴 읽어보고 싶은 책
인문,사피엔스,4,총균쇠와 같이 읽어도 좋을 듯 합니다. 꽤 긴데도 불구하고 소재가 흥미로워서 재밌습니다. 지루하지 않습니다.
인문,사피엔스,4,친구에게 추천받아 구매했는데 좋은 교양서적이면서 인문학 서전이라 만족합니다
인문,사피엔스,4,<총.균.쇠>의 저자가 좋은 서평을 해놓았다 인류학과 서로 관련지어 읽어보려 한다
인문,사피엔스,4,서점가서 눈에 넣어두고 인터넷 주문합니다~
인문,사피엔스,4,재밋게 잘 읽었어요.
인문,사피엔스,4,정독 여러번 할만한 책
인문,사피엔스,4,배경 지식이 많이 없어도 쉽게 잘 읽힙니다
인문,사피엔스,4,기대하며 읽어보려합니다!
인문,사피엔스,4,역사지도를 펼쳐본 기분이 든다
인문,사피엔스,4,선물용으로 재구입합니다. 여러번 읽게되므로 소장가치 있음
인문,사피엔스,4,잘볼게요
인문,사피엔스,4,좋은 책 입니다.
인문,사피엔스,3,흥미롭고 재밌네요
인문,사피엔스,3,호모사피엔스는 슬기로운사람이라는 뜻이다.
인문,사피엔스,4,재구매 탁월한 선택
인문,사피엔스,4,탁월한 선택
인문,사피엔스,4,꼭 읽어봐야 할 책입니다.
인문,사피엔스,4,인간의 이기심에 대해 생각해 봅니다.
인문,사피엔스,3,너무도 유명한 책. 벼르다 이제 구입해봅니다
인문,사피엔스,4,기대됩니다~~
인문,사피엔스,4,인간에 대해 깊은 생각을 할 수 있는 책입니다.
인문,사피엔스,4,교양이 되고 도움이 되는 유발 하라리의 책
인문,사피엔스,4,인류가 걸어온 길에 대해 잘 이해하게 된 거같아요
인문,사피엔스,4,새로운 개념에 충겨적 이넹ᆢ
인문,사피엔스,3,선물용으로 하나 더 구입했어요. 생각의 지평을 넓혀줘서 좋아요
인문,사피엔스,4,너무 읽고 싶은 책이였어요^^ 잼있어요~
인문,사피엔스,4,선물 주려고 샀는데 만족합니다.
인문,사피엔스,4,아직 읽어보지 않았지만 열심히 읽어볼게요!
인문,사피엔스,4,여러번 읽어야 깊이를 알 수 있다
인문,사피엔스,4,좋아요. 두고두고 읽을 것 같네요.
인문,사피엔스,4,새로운 관점에서 생각해보게 됐어요
인문,사피엔스,4,"학교 과제로 읽고 있는데, 많은 사람들이 읽은 책은 이유가 있는것 같습니다.^^"
인문,사피엔스,4,도서관에서 빌려 읽다 소장해야겠다는 생각이 들어서 구매했어요.
인문,사피엔스,4,정독중입니다.
인문,사피엔스,4,내용 하나하나 정독할 수밖에 없네요!
인문,사피엔스,4,흥미진진 합니다 ^^
인문,사피엔스,4,책을 고를땐 제목을 보고 고르지만...한참을 읽고나니 내용에서 공감을 받았어요. 앞으로 더 많이 읽어야겠다는 생각을 했습니다..^^
인문,사피엔스,4,너무 재밌게 봤습니다
인문,사피엔스,3,해박하다 이말 밖에는...
인문,사피엔스,4,유발 하락의 통찰력을 느끼고 싶다면 이 책을 꼭 읽어보라고 추천하고 싶다.
인문,사피엔스,4,"사은품도 있고, 좋아요 ㅎㅎㅎ"
인문,사피엔스,4,굿
인문,사피엔스,4,우리는 어디서 왔는가? 어디쯤 있는가? 어디로 가고 있는가?
인문,사피엔스,4,인류가 진화해온 그동안의 생각을 다른관점으로 생각하게 해준 책이네요~
인문,사피엔스,4,좋은것같음
인문,사피엔스,4,인간 역사에 대해 생각하게 되는 책
인문,사피엔스,4,히라리 입문서
인문,사피엔스,4,좋아요~
인문,사피엔스,4,두꺼운 것에 비해 쉽게 읽혀서 놀랐어요 ㅋㅋ 주변에 추천 중이랍니다
인문,사피엔스,4,넘 읽어보고 싶어요~
인문,사피엔스,4,"내용이 기발하고, 재미있습니다"
인문,사피엔스,4,나에겐 또하나의 감동적인 책입니다. 감사합니다.
인문,사피엔스,4,세상의 모든 역사를 알기 위한 기본서
인문,사피엔스,4,유익해서 좋아요
인문,사피엔스,3,너무 좋습니다 유명한데 이유가 있네요
인문,사피엔스,4,"쉽고 재미있는 인류의 역사, 나 자신을 돌아보게 함"
인문,사피엔스,4,진화른이 이해된다
인문,사피엔스,3,쉽게 설명해주셔서 고마움. 작가님 타일러 닮았다는 생각 저만 했나요
인문,사피엔스,4,좋은 책입니다
인문,사피엔스,4,유익한 책입니다.^^
인문,사피엔스,3,궁금해서 읽어보고 싶은 책
인문,사피엔스,4,인간의 기원에 대해 다시한번 생각하게 만드는 책
인문,사피엔스,4,새로운 지식
인문,사피엔스,4,작가의 거침없음에 감탄함
인문,사피엔스,4,한번읽어보시길...
인문,사피엔스,4,인류에 대한 깊은 탐구를 했습니다.
인문,사피엔스,4,친구들과 삼삼오오 모여서 책내용에 대해 나눔을 하니까 좋네요^^
인문,사피엔스,4,고등학생인 아이와 함께 읽으려고 구매했습니다.
인문,사피엔스,4,강츄 꼭 읽어야 할 책
인문,사피엔스,4,내용이 재밌습니다 그런데 책을 펼치면 바로 18페이지부터 시작하고 그후 읽다보면 6페이지 서문이 나옵니다 원래 이런가요?
인문,사피엔스,4,배송감사합니다.
인문,사피엔스,4,어렵긴하지만 흥미로운 내용들이예요
인문,사피엔스,4,두꺼운 책을 처음 봤습니다 이제 책 읽는 즐거움이 조금씩 생기기 시작했는데 찰라에 플러스가 되는 책이였습니다 조만간 호모데우스도 볼겁니다ㅎ
인문,사피엔스,4,인류 역사를 알아보고 싶다면 한 번 읽어볼 만한 책입니다.
인문,사피엔스,4,드디어 읽어봅니다
인문,사피엔스,4,감명 깊게 읽었습니다. 감사합니다~~^^
인문,사피엔스,4,좋은 내용입니다. 생각의 폭이 더 넓어진 것 같습니다.
인문,사피엔스,4,이미 유명한 책이라 추천한다는 것도 뒷북 같지만 평소 책읽기를 어려워하는 사람에게 꼭 추천하고 싶은 책! 두꺼운 비주얼에 인류학이니 역사학이니 어려운 내용일 것만 같지만 믿고 꼭 읽어보시길! 인류에 대한 대서사극 한편 본 느낌!!
인문,사피엔스,4,역사의 진실
인문,사피엔스,4,기대되요
인문,사피엔스,3,"총균쇠에 이어 읽기 시작합니다. 아직 도입부라 잘은 모르겠지만, 기대하고 읽고 있어요"
인문,사피엔스,4,선을 넘는 녀석들 보고 구입햇습니다. 잘 읽을게요!
인문,사피엔스,4,재미있습니다.
인문,사피엔스,4,새로운지식의 보고 같은 책입니다
인문,사피엔스,3,책이 두꺼움에 비해 내용은 흥미롭고 재밌네요
인문,사피엔스,4,집중해서 읽고있어요 두고두고 읽힐 책입니다
인문,사피엔스,4,유용한 책입니다~
인문,사피엔스,4,재미있습니다. 총균쇠보고나서 읽고있는중~
인문,사피엔스,4,잘읽을게요~
인문,사피엔스,4,심도있는책
인문,사피엔스,4,"만족스러운 선택, 유발 하라리의 다른 책들도 읽어볼 예정"
인문,사피엔스,4,어제부터 읽고 있습니다. 작가의 시점에서 인류역사를 되집어 보는 재미가 쏠쏠
인문,사피엔스,4,인류사 필독서
인문,사피엔스,4,유용하네요
인문,사피엔스,4,아직 다 읽지는 못했지만 밑줄 그어 가면서 열심히 읽고 있습니다. 인간에 대한 통찰력을 키울 수 있기를 바라며...
인문,사피엔스,3,기대만큼 흥미진진한 책은 아니네요. 이제 2부까지 읽었는데 1부보다 2부가 재밌는 걸 보면 3부4부로 갈 수록 더 재밌으려나요?ㅎㅎ 농경이 개인 입장에선 효율이 수렵채집보다 안 좋았다니 놀랐습니다. 이렇게 어릴 때 무비판적으로 학교에서 배운 것들을 뒤집는 시각을 경험하고 배울 수 있어서 좋네요.
인문,사피엔스,4,저자의 탁월한 식견과 통찰력을 알수 있는 책
인문,사피엔스,4,기대됩니다.
인문,사피엔스,4,유익해요~
인문,사피엔스,4,흥미로움
인문,사피엔스,4,유발 하라리의 대표작 호모 사피엔스.. 재미나게 읽을거같아요~
인문,사피엔스,4,조금 어려울수 있지만 그래도 유익한것 같아요
인문,사피엔스,4,유익한 책 입니다
인문,사피엔스,4,티비프로그램을 통해 알게 된 유발하라리 교수!sns구경하다 빨간책방에서 재미있다고 꼭 읽어보라는책 사피엔스!!매번 장바구니에 있다 언제 다 읽지?하는 맘에 쉽게 구매할 수 없었는데 도전이라고 생각하며 정독하려 구매했어요 첫장 넘기는데 쉽게 읽히지는 않지만 재미있는건 확신해요!!!
인문,사피엔스,4,유용해요 내용을 풀어나가는 것도 재밌고 지루하지 않아요 시간 투자가 절대로 아깝지 않다고 확신할 수 있는 교양서
인문,사피엔스,4,좋습니다.
인문,사피엔스,4,책이 두꺼워서 어떻게 읽지 했는데 정말 술술 읽히네요. 그만큼 재밌습니다
인문,사피엔스,4,친구의 추천으로 읽게 되었어요 기대되네요
인문,사피엔스,4,유용한 내용입니다....
인문,사피엔스,4,인간이 동물과 다르게 상상력을 가지며 공유하고 발전시키는 신념이 지구상의 최상위의 포식자로 만들었다. 협업이라는 단순한 메커니즘만을 가지고 인간의 위대함을 설명하기에 어려운 점을 지적하고 이기적인 현대 사회에 인간의 위대함이 어디서 나오는지 일깨워주는 책이다.
인문,사피엔스,4,인간은 상상할 수 있는 동물이다. 상상력을 공유하며 상상력을 바탕으로 신념화하여 발전시킨다. 협업은 동물도 곤충도 할 수 있지만 상상하고 상상력을 공유하며 그것을 믿음으로 신념화 할 수 있는 것은 인간만이 할 수 있다. 그 신념이 현재에는 이룰 수 없는 사기일지라도 미래에는 실현 가능한 현실로 만들어내는 것이 동물과 다른 인간의 위대함이다.
인문,사피엔스,4,재미있네요!ㅎ
인문,사피엔스,4,너무나 만족스럽습니다.
인문,사피엔스,4,유용해요
인문,사피엔스,4,두께감이 있지만 잘 읽혀요
인문,사피엔스,4,좋습니다!
인문,사피엔스,4,유익해욤
인문,사피엔스,2,"사람 , 인간에 대해 새롭게 알게되었습니다."
인문,사피엔스,4,애들이 좋아합니다.
인문,사피엔스,4,잘 읽을게요~
인문,사피엔스,4,이런 재기발랄한 이야기꾼을 보았나! 우리 ‘종’의 역사를 이보다 더 재미나게 들려주는 이는 결코 없었다.
인문,사피엔스,4,다음편이궁금할정도로아주훌륭하네여..잼있어여..
인문,사피엔스,3,좋은 책이예요 맘에 들어욤
인문,사피엔스,4,선녀들이란 프로그램에서 알게 됐는데 리뷰가 정말 꼭 읽어보고 싶어요~
인문,사피엔스,4,아주 좋네요
인문,사피엔스,4,명쾌한 책이네요
인문,사피엔스,4,명쾌한 책입니다
인문,사피엔스,4,정말 유용해요!
인문,사피엔스,4,내용이 알차고 좋습니다.
인문,사피엔스,3,잊고 살았던 인간의 역사와 미래에 대해 생각 해 보게 하네요
인문,사피엔스,4,새로운 관점이 생기게하는 책입니다.
인문,사피엔스,3,재밌게읽고있습니다.
인문,사피엔스,3,읽기가 쉽고 재미 있다.
인문,사피엔스,4,"읽고 나면 정말 뿌듯함.
다른 시각으로 세계를 바라보게 됨,"
인문,사피엔스,4,"도발적인 저자의 주장들에 전적으로 동의하지 못하더라도
사피엔스의 시선으로 인류사를 해석하는 관점은 매우 흥미롭고
손에서 책을 놓을수가 없다."
인문,사피엔스,4,선물용으로 구매했습니다 감사합니다 :)
인문,사피엔스,4,인간에 대해서 많은 생각을 하게 되는 책
인문,사피엔스,4,"오랫동안 스테디셀러인 이유가 있을 듯 해서 구매했는데, 나와 인간에 대해서 다시금 생각을 해보게 해주내요."
인문,사피엔스,2,인류의 생성과 인간으로 살아가는 사회의 전반에 대한 모든 것을 쉽게 잘 설명하고 있어요
인문,사피엔스,4,인간의 근원과 본질에 대해 숙고해 볼 수 있는 책
인문,사피엔스,4,아이어를 위하여!
인문,사피엔스,4,흡입력이 처음부터 장난아닙니다!
인문,사피엔스,2,이제야 이 책을 읽습니다
인문,사피엔스,4,유발 하라리의 지적 능력이 경이롭기만 하네요
인문,사피엔스,4,우울할 때 읽어 보면 좋다고 합니다. 이유가 뭘까요?
인문,사피엔스,4,생존하기위한 투쟁은 이제 그 법칙은 역시나 예나 지금이나 별반 다르지 않다 그리고 근본적으로 삶의 의미를 찾고 싶어하는 욕구는 인간이 제일 높으며 그러기에 내가 책을 읽으며 좀 더 많은영역의 문화를 넓히는것 같다. 내 감정의 열정을 쏟아 부을 무언가가 필요한 갈증을 해소하기 위해 또 공상에 빠져든다. 문명 인류 모두 근본적인 갈증은 아마도 뚜렷하지 않은 인간세계의 의미와 가치를 나타내는것아 아닐까?
인문,사피엔스,4,유명한 책인데 이제 읽네요!
인문,사피엔스,4,똑똑한분. 기발하네요
인문,사피엔스,4,어렵지만 고등필독서
인문,사피엔스,4,우리 딸이 찾아서 요청한 도서라 더욱 기대됩니다. 어서 나도 보고싶어요~
인문,사피엔스,4,이 세대에서 꼭 읽어야할 인간지침서
인문,사피엔스,4,인류에 대해 다시 한번 생각해보게 해주는 책이에요
인문,사피엔스,4,선물용으로 구매했어요~ 좋아요~ 감사합니다 :)
인문,사피엔스,4,"방대한 지식의 스펙트럼.. 소화하긴 다소 어렵지만 완독을 목표로.. 총,균,쇠에 대적할만.."
인문,사피엔스,4,주변에서 권하길래 구입했습니다.
인문,사피엔스,4,지도책 펴놓고 읽으니 더 재밌네요~
인문,사피엔스,3,잘 읽고있습니다.
인문,사피엔스,4,통찰이 대단하다는 감탄을 계속 하면서 읽고 있는 중이다. 한꺼번에 다 읽어 내려가기 보다는 시간 간격을 두고 생각도 하면서 야껴서 읽을 만 하다.
인문,사피엔스,4,기대돼요
인문,사피엔스,4,수업 교재^^
인문,사피엔스,4,이 한권의 책에 이렇게나 방대한 역사를 아우르는 저자의 역량에 깊은 경외감과 존경의 마음을 갖게 합니다.
인문,사피엔스,4,학과 공부에 도움이 됩니다.
인문,사피엔스,3,작가의 처음부터 끝맺음까지 연결시키는 구조가 너무 뛰어난 책 입니다. 책 구입을 생각하시는 분은 꼭 완독하시기를 추천합니다.
인문,사피엔스,2,어렵지만 한번은 도전해보면 좋을 책
인문,사피엔스,4,아직 못읽었지만 기대돼요:)
인문,사피엔스,4,청소년이 읽으면 좋은 책입니다.
인문,사피엔스,4,술술 잘 넘어간다 흥미롭다 어렵지 않다
인문,사피엔스,4,"천천히 생각하며 읽어야하는 책이 아닐까 했는데, 재미있어서 나도 모르게 속도내며 읽게 된 책."
인문,사피엔스,4,똑똑한 친구추천이니까 믿고 읽어보려고요~ 근데~ 두껍네요 ㅎㅎ
인문,사피엔스,4,유발 하라리의 깊은 학식이 보이는책
인문,사피엔스,4,호모데우스도 읽으러 갑니다
인문,사피엔스,4,인류의 과거를 보고 미래를 생각해볼 수 있게 만든 책이라 어려울것 같았는데 생각보다 어렵지 않습니다.
인문,사피엔스,4,시간가는 줄 모르고 읽었던 책
인문,사피엔스,4,재미있어요!!
인문,사피엔스,4,원래 읽고싶었던 책인데 바로드림으로 사게되었어요. 인문사회전반적인 지식에 도움이될거같습니다. 기대됩니다.
인문,사피엔스,4,"빅히스토리라서 좋다,"
인문,사피엔스,3,한번은 읽어보아야 할책!
인문,사피엔스,4,눈이 트이고 인간이란 존재에 대해 다시금 생각하게 해주는 책
인문,사피엔스,4,"인류에 대한 유발하라리의 해석이 초반에는 아무래도 조금 어려웠으나, 농경사회 이후부터는 술술 잘읽히는 책입니다. 꼭 읽어보시기를 권합니다.~!"
인문,사피엔스,4,"책을 읽으면서 시간을 보내기 시작하니 참 좋네요.
마음의 양식이라는 말이 무슨말인지 알게 되네요."
인문,사피엔스,4,유익한 인류사 정리
인문,사피엔스,4,"인종이 살아온 역사를 통해 왜 살고있는지, 어떻게 살아야 하는지에 대한 방향을 알 수 있을 것 같아 읽기 시작했다."
인문,사피엔스,4,작가의 지식과 통찰력에 감탄하며 읽었습니다. 장바구니 아직 담아놓으신 분들 꼭 읽어보세요.
인문,사피엔스,4,머리가 트이는 책
인문,사피엔스,4,재밌습니다.
인문,사피엔스,4,막연히 어려울 것이라고 생각했다가 팟캐스트를 듣고 도전을 했습니다. 생각보다 정말 잘 읽히고 기존의 생각들을 다시 고민해 보게 하는 책입니다.
인문,사피엔스,4,굿굿!!!
인문,사피엔스,4,잘 읽히고 역사에 대해 잘 알 수 있어 좋아요.
인문,사피엔스,4,주변에서 꼭 읽어보라고 권하길래 구입했어요. 아직 읽기전이지만 기대됩니다.
인문,사피엔스,3,좋은 정보
인문,사피엔스,4,좋아요 잘 읽을께요 워낙 유명한 책이라 뭐
인문,사피엔스,3,아직 읽기 전. 필독서라 여기고 기대해봅니다.
인문,사피엔스,4,호모데우스까지 읽기를 바래요
인문,사피엔스,4,아주 좋습니다
인문,사피엔스,4,과학에 대해 무지한지라 한번더 정독해야겠습니다.
인문,사피엔스,4,책을 읽는다는 게 이런 느낌이구나
인문,사피엔스,4,생각보다 딱딱하지 않고 술술 잘 읽힙니다.
인문,사피엔스,3,생각을 확장시켜주는 책
인문,사피엔스,4,처음부터 끝까지 나와 관련된 얘기를 하는 것 같아 재미가 쏠쏠
인문,사피엔스,4,사피엔스라는 존재와 나 자신이 대해서도 다시 생각해보게되는 책
인문,사피엔스,4,읽기 좋아요
인문,사피엔스,4,인간의 과거와현재
인문,사피엔스,3,어려울 수 있는 이야기를 쉽게 풀어놔서 잘 읽힙니다. 재밌게 잘 봤어요
인문,사피엔스,4,인류발전에 관한 대서사시. 광범위한 시간 공간적 배경에 비해 쉽게 술술 읽히는 게 강점.
인문,사피엔스,4,재밌게 읽었어요.
인문,사피엔스,4,인생 최고의 책 중 하나라 할 수 있습니다.
인문,사피엔스,4,기발하고 좋은 자극이되는 책입니다~
인문,사피엔스,4,"이책과 꼭 연결되는 내용은 아니지만 어린 시절 터미네이터란 영화를 처음 봤을때 인류의 미래란 주제에 관심을 가진 적이 있다. 점점 로봇의 시대, 인공지능의 시대로 접어들고 있다. 사피엔스의 미래...이제 물음이 아니라 현재가 되어가고 있다. 사피엔스가 사피엔스를 궁금해하는 시대. 사피엔스가, 나란 존재가 궁금해서 펴든 책."
인문,사피엔스,4,읽고 싶었던 책.~ 바로드림으로 할인도 받고 좋으네요~
인문,사피엔스,4,읽는 내내 감탄의 연속
인문,사피엔스,4,총균쇠보다 술술 읽히는 책
인문,사피엔스,4,어려울 줄 알았는데 잘 읽힙니다!
인문,사피엔스,4,"왜 시피엔스 종만이 지구상에 살아남았는지....
인간의 유효기간은 언제까지인지......
과연 인간이기에 우린 현대문명안에서 행복한가.....
이런 의문들이 늘 마음 한구석에 있었다....
역사의 시작부터 현대시계에 가장 중요한 질문을 던져주고 앞으로 인류가 어떻게 대비해야하는지 삶의 의미를 다시 생각하게 해준 대단한 책이다....."
인문,사피엔스,4,잘 읽었습니다.
인문,사피엔스,4,올컬러에 어려운 이야기를 쉽게 재미있게 풀어쓴 책이어요.
인문,사피엔스,4,"인문도서이지만 역사, 공학, 화학, 생물학 등 광범위한 분야를 아우르며 인류의 역사를 서술한 책. 몇페이지를 읽다보면 나도모르는 사이에 몰입하게 되고 어느순간 한권을 다 읽을 정도로 재미까지 있다."
인문,사피엔스,3,"첫장부터 흥미유발 역사연대표 135억 년 전 물질과 에너지 등장. 물리학 시작 원자와 분자 등자 화학시작 45억 년 전 지구 행성 형성 38억 년 전 생명체 등장, 생물학 시작"
인문,사피엔스,3,누군가 이 책은 읽기 쉽다고 추천 받았는데 어느부분이 숴운건지 ...전 어렵네요
인문,사피엔스,4,내용이 난해하지만 처음부터 끝까지 정독해 보세요. 뿌듯합니다.
인문,사피엔스,4,"책을 받아본 후 매일 읽고 있습니다. 왜 이 책에 그토록 많은 사람들이 열광했는지 알겠네요. 우리의 사고를 전환해주는, 인간과 이 세계의 유기적 관계에 대한 고찰로 안내하는 훌륭한 책이라 생각합니다."
인문,사피엔스,3,유용해요~
인문,사피엔스,4,너무 좋아요 제가 찾던 책입니다~
인문,사피엔스,4,"첫장에 싸인을 보고 약간 쓰미~한 것이 맘에 들었는데 어휴 그냥 최고입니다. 평소 사람을 후벼판다는 소리를 왕왕 듣는 편인데, 아아, 이 책을 만나고 조금 잠잠해졌달까요? 단언컨데 이 책은 필독서로 지정해야 합니다. 인류 전체를 증거로 삼아 답을 찾아갑니다. 질문을 찾아갑니다. 덕분에 많은 것을 알게 되어 감사한 책입니다. 당연히 찬찬히 정독하며 읽어야지요. 온 동네를 뛰어다니면서 추천하고 있어요. 다시 한 번 읽고 경건한 마음을 담아 유발 하라리에게 감사의 편지를 쓰고 싶네요.
아 그리고 겉표지 부분의 저자 설명이 잘려 있어요. 꼭 다음 장에 설명이 있을 것처럼 글이 끊여서 좀 아쉽네요."
인문,사피엔스,3,좋아요. 오랜만에 잼있는책 읽어요.
인문,사피엔스,4,매번 구매를 망설였던 책이었는데 큰 맘 먹고 잘 산 거 같아요 오오? 이러면서 읽히는데 전혀 어렵지 않아요
인문,사피엔스,4,좋아요 잘 받았습니다.
인문,사피엔스,4,꼭 읽어야할 필독서 입니다. 편협된 생각과 논리에서 벗어나야 할 이유가 이 책에 있습니다.
인문,사피엔스,3,유익합니다
인문,사피엔스,4,출장 중 저녁시간마다 짬을 내어 일주일동안 다 읽었습니다. 오랜만에 잘 읽히는 책이네요. 우리가 지금 사는 세상에 대해서 많은 생각을 하게 해주었습니다.
인문,사피엔스,4,최근 공부를 하면서 의문점이 생겼던 부분이 이 책을 읽으면서 해결되었습니다~
인문,사피엔스,4,좋은책 감사합니다
인문,사피엔스,4,소장할만해요
인문,사피엔스,4,궁금하던 내용들 입니다
인문,사피엔스,4,괜찮은 책 같습니다.
인문,사피엔스,4,유익한 도서입니다.
인문,사피엔스,4,"문명과 전쟁, 이 책과 함께 구매했습니다. 천천히 정독하겠습니다~"
인문,사피엔스,4,궁금했던 내용이 실린 책이라 바로 구매했어요^^
인문,사피엔스,4,매우 좋은책이어서 주변에 추천하는 책입니다
인문,사피엔스,4,유발 하라리..정말 대단한 사람같습니다
인문,사피엔스,4,책 분량은 어마어마하지만 재미있고 생각을 많이 하게 만들어 주는 책
인문,사피엔스,4,참신한 내용... 세상을 바라보는 다른 시선을 배웠습니다
인문,사피엔스,4,"두꺼운 책이라 좀 겁났는데 생각보다 잘 읽혀서 놀랐어요.
한 편의 역사드라마를 보는 것 같네요."
인문,사피엔스,4,인류의 역사
인문,사피엔스,4,저자의 두 작품 모두 읽고 지인에게 선물하기 위해 호모데우스와 함께 구입!
인문,사피엔스,4,인류 역사에 관한 책을 읽어보고 싶어서 선택했습니다. 추천도 많고 베스트셀러인 이유가 있네요~
인문,사피엔스,4,호모데우스 읽기 전에 읽으면 좋습니다.
인문,사피엔스,4,역시 많이 읽는 이유가 있군요!
인문,사피엔스,4,선물용으로 구입했어요.
인문,사피엔스,4,"두껍지만 생각보다 어려운 책은 아닙니다. 인문, 역사에 관심있다면 꼭 읽어보세요."
인문,사피엔스,4,인간에 대한 역사적 사회적 의미를 다시 한 번 생각해볼 수 있는 책입니다. 두껍지만 쉽게 잘 읽혀요
인문,사피엔스,4,"인간종 집단의 연대기, 개인에 적용해도 시사하는 바가 많다"
인문,사피엔스,4,명불허전
인문,사피엔스,4,배우는게 많네요 좋아용 소장용으로도
인문,사피엔스,4,충격적이다. 덕분에 호모데우스랑 총균쇠도 주문 했어요.
인문,사피엔스,4,전환
인문,사피엔스,4,좋아용~~~~
인문,사피엔스,3,선물한 책인데 두꺼워요. 전부터 읽고 싶다 한 책이라 좋아하네요. 정독하면 좋을 것 같아요.
인문,사피엔스,4,인생책입니다 꼭 읽으세요
인문,사피엔스,4,"새로운 지식을 알아가는 즐거움과 기쁨을 주며 거시적인 시각을 가질 수 있도록 도와주는 책...
나의 뿌리를 다시금 보게 해 주고 미래를 생각하게 해 준다."
인문,사피엔스,4,"쉽게 생각하지않는 세상에 빠져 있는 기분입니다.
우리가 사는 이세상이 아주 작게 느껴지고 궁금즘과 호시심을 자극합니다... 정말 강추 합니다."
인문,사피엔스,4,잘 읽겠습니다~~~
인문,사피엔스,3,미래는 과거로부터 나온다고한다.
인문,사피엔스,4,인류의 역사를 이토록 재미있게 훑어볼 수 있게 했다는 것 자체로 충분히 유익한 책. 자본주의와 행복에 대한 담론이 특히 흥미로웠다
인문,사피엔스,3,"흐름을 따라 읽기에 좋은 책이었습니다. 가끔 번역투 문구 때문에 걸렸는데, 책 내용 자체가 그래야 해서 그런것 같기도 했습니다. 어떻게 보면 어려운 내용을 차근차근 읽어나갈 수 있도록 구성된 점은 좋았습니다. 인류의 역사와 이면성 등을 보게 된 계기였습니다."
인문,사피엔스,4,"지금까지 고민해본 적 없는 주제... 그것들을 다시 생각해보게 만드는 책, 혁명을 불러온 책입니다."
인문,사피엔스,4,시각의 전환
인문,사피엔스,2,좋아요 재미있어요
인문,사피엔스,4,읽고 싶었던 책이에요! 좋아요^^
인문,사피엔스,4,너무 재밌게 보고 있습니다.
인문,사피엔스,4,재미 있습니다. 전혀 생각 해보지 않았던 것들에 대해 다시 생각해보게 하는 책이네요.
인문,사피엔스,4,좋은 내용 곱씹으며 정독해요
인문,사피엔스,4,최고의 책입니다
인문,사피엔스,4,새로운 시각으로 본 인류사 정리의 정수!! 저자의 후속편인 호모데우스도 읽지 않으면 안되도록 이끔..
인문,사피엔스,4,"호모데우스를 읽기전에 읽어보면 좋을것 같아서 읽었는데, 몹시 흥미로웠습니다"
인문,사피엔스,4,두꺼워 살짝 겁나지만 책장넘기는 줄 모른채 읽게되네요~
인문,사피엔스,4,최고
인문,사피엔스,4,최고의 책입니다. 이 책을 읽고 많은 생각들을 하게 되었어요. 강추합니다.
인문,사피엔스,4,사피엔스에 이은 호모데우스도 정말 기대됩니다
인문,사피엔스,3,두껍지만 잘 읽히네요 재미있어요
인문,사피엔스,3,베스트셀러라서 구입합니다.
인문,사피엔스,3,사피엔스는 한번쯤 읽어봐야할 책
인문,사피엔스,4,시야가 넓어져요
인문,사피엔스,4,훌룡한 책이라 두꺼워도 잘 읽히네요ㅎ
인문,사피엔스,4,어렵지않을까 했는데 생각보다 잘 읽혀서 놀랬네요!
인문,사피엔스,4,흥미로운 주제여서 구매했습니다. 완독할 수 있기를 바랍니다 ㅠㅠ
인문,사피엔스,4,"책 소개하는 tv프로그램에서 흥미를 느껴서 바로 구매한 책입니다.
책은 두껍지만 자세한 설명과 흥미로운 내용으로 금방 읽었네요.
강추하는 책이에요!!"
인문,사피엔스,4,단숨에 읽을책~
인문,사피엔스,4,흥미로운 이야기가 가득한 책입니다. 물론 재미도 있구요.
인문,사피엔스,4,"모르던 사실을 많이 알려준 책
두껍지만 읽을만 합니다.^^"
인문,사피엔스,4,내용이 기발해서 재밌게 술술 읽힙니다 ㅎ.ㅎ
인문,사피엔스,4,꼭 읽어야 할 책
인문,사피엔스,4,새로운 사실들을 알 수 있네요
인문,사피엔스,4,인간에 대해서 다시 한 번 생각해보게 됨
인문,사피엔스,4,유익한 글
인문,사피엔스,2,읽기 좋아요~
인문,사피엔스,4,선물줬는데 좋다네요^^
인문,사피엔스,4,책은 두꺼워 부담 될 거 같지만 내용은 부담스럽지 않음. 최고!!!
인문,사피엔스,4,최고!!
인문,사피엔스,4,"인간과 역사, 문명에 대한 깊고 총체적인 이해에 빠져듭니다"
인문,사피엔스,4,인류와 문명에 대해 새로운 시각에서 접근이 흥미를 유발합니다. 재밌어요!!
인문,사피엔스,3,책이 두꺼워서 조금 망설이딘 구매했습니다
인문,사피엔스,4,미처 생각해보지 못했던 부분에 대하여 생각할 수 있는 책입니다.. 새로운 세상...
인문,사피엔스,4,생물로서의 인간과 사회적 존재로서의 인간의 접점이 무엇인가에 대한 진지한 고민의 계기를 제공하는 양서입니다.
인문,사피엔스,4,받자마자 몇페이지 읽었는데 잘 읽히네요~~
인문,사피엔스,4,재미있는데 그래도 양의 압박이 ㅋㅋㅋㅋㅋ
인문,사피엔스,4,엄청 재미있습니다!
인문,사피엔스,4,어려울것 같지만 잘 읽혀 지는 유용한 책!!!
인문,사피엔스,4,좋은 책 많은 사람들이 읽었으면 좋겠네요.
인문,사피엔스,4,목차를 보자마자 흥미를 끄는 인지혁명..
인문,사피엔스,3,생각보다 잘 읽혀집니다. 중고등학교에서 배운 인류 변천사와는 다른 설명도 있고 신선한 관점입니다. 총균쇠와 비슷한 느낌이 드는 책입니다.
인문,사피엔스,4,어려울줄 알았는데 잘 읽어지네요
인문,사피엔스,4,인간에 대해서 다시 한 번 생각하게 하는책
인문,사피엔스,3,읽고싶었던 책! 유용합니다
인문,사피엔스,4,인간중심적 사고에서의 전환!
인문,사피엔스,4,새로운 시각이어서 굉장히 흥미로웠어요.
인문,사피엔스,4,인가의 본질에 대해 알 수 있을 것 같아 기대됩니다.
인문,사피엔스,3,저자의 독창적인 관점이 잘 표현될 수 있도록 책의 구성이 주제별로 잘 정리되어 있는 것 같습니다!
인문,사피엔스,4,유명한 만큼 재미 있네요
인문,사피엔스,4,이기적 유전자를 이을 스터디셀러가 될 책
인문,사피엔스,3,여러권 구매했어요 잘 보겠습니다
인문,사피엔스,2,잘 읽히지가 않아요...ㅜㅜ
인문,사피엔스,4,좋은내용을 쉬운 문체로 쓴 좋은 책입니다.
인문,사피엔스,4,진짜 독서하는 맛이 나는~^^
인문,사피엔스,4,주변에 선물하려고 구입하였습니다.
인문,사피엔스,4,아직 초반이지만 어려운 내용 없이 잘 읽히며 재미있습니다.
인문,사피엔스,4,인류 역사와 미래에 대한 근거있는 해박한 해설서
인문,사피엔스,3,인류 역사 전반에 걸쳐 해박한 지식을 풀어내는 저자의 능력이 돋보이는 책입니다.
인문,사피엔스,4,어려운 내용임에도 잘 읽힙니다
인문,사피엔스,4,재미있습니다^^
인문,사피엔스,4,오바마 대통령의 추천작이라 기대하며 주문해서 오늘 받았네요..정독 합니다 ㅋㅋ
인문,사피엔스,4,처음에는 약간 어렵지만 읽다보니 재미있네요~
인문,사피엔스,4,이제야 읽어요.
인문,사피엔스,4,세상을 다른 시선으로 바라보게 해주는 책입니다.
인문,사피엔스,4,"앞부분 조금 읽었는데, 술술 잘 읽히네요. 두꺼워서 걱정했는데, 잘 읽을 수 있을 것 같아요"
인문,사피엔스,4,후 ㅋㅋㅋ일단 목차만읽었음요!
인문,사피엔스,4,앞으로의 미래는 어떤 종에의해 지배될것인지 생각하는 기회를 만들어준다. 또한 사피엔스 종의 역사가 미래에도 이어지기 위해서 우리가 해야하고 지켜야할 가치를 알 수 있다
인문,사피엔스,4,좋아용좋아용
인문,사피엔스,4,인간의 삶에 대해 반추할 수 있는 놀라운 식견이 좋았습니다. 분량이 만만치 않기에 천천히 정독할 생각입니다.
인문,사피엔스,4,"아직 읽어보진 않았지만, 내용이 좋아보입니다."
인문,사피엔스,4,"인간과 문명의 역사,기원, 발달 과정을 이렇게 쉽고 재밌게 풀어 놓은 책도 드물거라 생각합니다. 사길 잘했어요 또 읽고 싶을 것 같아서요 ㅎㅎ"
인문,사피엔스,4,올해의 책이라고 할 만하다해서 읽게 된!
인문,사피엔스,3,너무 유익한 책입니다.
인문,사피엔스,4,한 편의 다큐멘터리를 눈으로 본 느낌
인문,사피엔스,4,"인류의 3가지 혁명에 관한 통찰과 탐구, 인간행동의 근본적 고찰"
인문,사피엔스,4,잘읽어져요
인문,사피엔스,4,처음에 책 겉모습만 보면 어렵겠다라는 생각이 많이 들었어요 근데 실제로 읽어보니 술술 잘 읽히고 읽는게 즐거워지네요 ♡
인문,사피엔스,3,중간부분.. 종교얘기가 좀 따분하긴 하지만..몰랐던 사실도 많이 알았고 유익했습니다
인문,사피엔스,4,선물했는데 받은분이 만족하네요~~
인문,사피엔스,3,현재의 인간과 사회를 이해하고 미래를 상상하는데 많은 도움이 되는 책인 것 같다. 왠지 사피엔스의 종말은 정말 사피엔스에 의해 이루어질 것 같단 생각도 든다. 여러모로 많은 생각에 잠기게 하는 책이었다. 최근 읽은 책 중에서 가장 좋았다.
인문,사피엔스,4,인류와 자연에 대해서 생각하게 만드는 책.
인문,사피엔스,4,정말 좋은 책입니다.
인문,사피엔스,4,"인류의 '발전'이라 생각했던 부분들을 교묘히 꼬집어, 그것이 사실 발전이라 말하기 힘들 수도 있다는 점을 기발하게 지적했습니다. 추천합니다."
인문,사피엔스,3,삶을 바라보는 시선이 달라지고 시야가 넓어집니다
인문,사피엔스,4,두께가 상당해서 아직 못읽었는데 주변 추천으로 구입하게 됐어요. 전에 유발하라리님의 사피엔스 강의도 들은적이 있는데 굉장히 흥미로운것 같아요.
인문,사피엔스,4,우리의 시야를 넓혀주는 정말 좋은 책입니다 특히 우리 청년들이 많이 읽었으면 합니다
인문,사피엔스,2,두꺼워 조금씩이지만 충분히 읽어볼만하네요
인문,사피엔스,4,유용한책입니다 잘읽을게요
인문,사피엔스,4,현생인류의 과거와 미래를 이해하는데 아주 적절한 책
인문,사피엔스,4,"워낙 유명한 책이라 기대하고 있습니다 잘 읽겠습니다
사은품도 좋으네요^^"
인문,사피엔스,4,재밌어요~~
인문,사피엔스,4,미래를 살아갈 우리 다음 세대를 위해 우리 세대가 읽어보면 좋은 책!
인문,사피엔스,4,"흥미진진합니다. 사람들의 세계관을 뒤흔들만한 책이네요. 제러드 다이아몬드의 <총,균,쇠>와 비견됩니다."
인문,사피엔스,4,어렵고 어려운 내용 하지만 그만큼 도움이 되는 책
인문,사피엔스,3,배송진짜 빠르네요
인문,사피엔스,3,생각보다 쉽게 읽히는 책
인문,사피엔스,3,언제 다 읽을지 몰라서리..초반부데 쉽게 잘 읽히고 있습니다.호기심에 구매한 책인데 책 두께가 두꺼워 쉬엄쉬엄 읽어야 겠습니다.배송때 끝부분이 찍혀와서 속상하지만 잘 읽겠습니다
인문,사피엔스,4,인류에 대한 재해석
인문,사피엔스,4,시대를 바라보는 다큐멘터리같은 책
인문,사피엔스,4,여러 학문 분야를 넘나들며 보여 주는 인류사.
인문,사피엔스,4,한번쯤 읽어봐야할 책입니다
인문,사피엔스,4,인류사를 이렇게 볼 수 있다니.정말 충격적인 책이었습니다. 어려운 내용이지만 꼭 한번 읽어봐야할 책입니다.
인문,사피엔스,3,왜추천이높은지 알수있어요ㅋ
인문,사피엔스,4,"저자의 방대한 지식과 통찰이 놀랍다. 역사, 종교, 생물학, 정치, 경제를 넘나드는 지적 향연에 머리가 어지럽다. 하지만, 인류를 바라보는 새로운 시선, 지구에서 인류는 단지 한 종일 뿐인데도 불구하고 다른 종을 90%씩이나 멸종시켜 가는 우리는 과연 지구의 맹주가 될 자격이 있는지 다시 한번 생각해 보게 된다"
인문,사피엔스,3,"처음 읽게됐는데, 생각 많아집니다."
인문,사피엔스,4,표지부터 기대하게 합니다
인문,사피엔스,4,친구와 함께 읽어보자 했던 책이에요. 많은걸 알게 해 준것 같아요.
인문,사피엔스,4,"총, 균, 쇠 이후로 이렇게 담대하게 인류학적인 내용을 정리한 책은 처음인 것 같습니다.
다만 생물을 공부 했던 사람으로서 동의하지 못하는 부분들도 일부 있긴하지만 거대한 담론에서 작은 부스럼 같습니다."
인문,사피엔스,4,참으로 대단한 책. 필독 추천.
인문,사피엔스,4,역사와 미래의 공존
인문,사피엔스,4,더 많은 게 알고 싶어진다.
인문,사피엔스,4,사피엔스에 대한 진실을 알게해주는 책 많은 사람들이 읽고 알아야하는 지식이 가득
인문,사피엔스,4,읽다보면 흥미진진 합니다. 뒤로갈수록 재밌습니다.
인문,사피엔스,4,한번쯤을 읽을만한 인문학책
인문,사피엔스,3,"책이 재미있게 기술되어 있고, 저자의 생각이 참신합니다."
인문,사피엔스,4,쉽게 읽히는 재미있는 책입니다. 잠시 쉬면서 읽기에 적당합니다.
인문,사피엔스,3,생각지도 못한것을 일깨워주네요~~
인문,사피엔스,4,역시나 유발 하라라네요 많은 생각을 하게 합니다
인문,사피엔스,4,학문의 융합
인문,사피엔스,4,체험판 읽어보고 종이책 구매했어요:)
인문,사피엔스,3,총 균 쇠 와 내용이 비슷하다가도 달라지면서 미래를 다르게 생각하게 되었습니다
인문,사피엔스,4,와이프 읽고 싶다해서..
인문,사피엔스,4,한번 읽어서 될 책이 아닙니다
인문,사피엔스,4,인류의 역사가 이 책 한권에!
인문,사피엔스,4,좋은 책이예요
인문,사피엔스,3,정말 기대되는 책이에요~~~ ㅎㅎㅎㅎㅎㅎ
인문,사피엔스,4,재밌을것 같아요!!
인문,사피엔스,4,아주 좋아요...
인문,사피엔스,4,600페이지에 육박한 분량이지만 어렵지 않고 재밌게 서술된 내용이라 포기하지 않고 다 읽게 됩니다.
인문,사피엔스,3,유익해요 많이유이괘요
인문,사피엔스,4,아직 읽기 전인데 무척 기대됩니당
인문,사피엔스,4,융합된 인문학이 어떤 것인지 알수 있는 책.
인문,사피엔스,4,내용이 좋아요
인문,사피엔스,4,"기발한 관점에서 시작하는 인류역사의 변천사는 독자들의 흥미를 자극하여, 몰입도를 높여준다. 다만 후반부로 갈수록 경제분야 위주의 전개는 조금 아쉽다."
인문,사피엔스,3,선물했습니다. 지식 쌓기용으로 좋아하네요
인문,사피엔스,4,추천으로 접하게 됬는데 쉽고 재밌습니다
인문,사피엔스,4,역사에대한 냉철한 시각!!
인문,사피엔스,4,흥미로운 내용으로 서두부터 기대되네요~^^
인문,사피엔스,4,기대한만큼 훌륭한 책입니다~~
인문,사피엔스,4,"일단 재미있고 잘읽힙니다. 역사, 철학, 과학, 종교, 경제 등 다양한 분야의 지식을 통해 인간과 세상을 이야기 합니다. 여름휴가 동안 읽었는데, 뿌듯한 기분이 듭니다."
인문,사피엔스,4,"현재 294페이지 까지 읽었는데... 실망스럽습니다.. .
제3부 인류의 통합 11장 제국의비젼에서는 전형적인 제국주의 사관으로
역사를 인식하는 모습은 정말 실망스럽고 계속 이책을 읽어야 하는지..........
""거의 모든 것의 역사""라는 책이 생각납니다... (이 도서의 아류인듯...)
그러나 좀더 읽어 보자고 마음을 다잡아 봅니다...."
인문,사피엔스,4,잘 받았습니다
인문,사피엔스,4,기대됩니다!!
인문,사피엔스,4,영문버전을 다 읽고 한국어로도 이 감동을 느껴끼고 싶어 주문했습니다
인문,사피엔스,4,잘 받았어요
인문,사피엔스,3,저자가 TED에서 강연라는거보고 한 번 읽어보고 싶어서 구매했어요 ^^ 배송은 만족라구요~ 책은 두껍 기대되네요 ㅎ
인문,사피엔스,4,좋은 내용 기대합니다
인문,사피엔스,4,"우선, 교보문고 사이트관리 업체 바꾸시길 권합니다. 멈추고 끊어지고 아주 심합니다. 많이 불편. (30년전 인터넷 수준) 배송은 최고입니다! 1. 한권 주문인데도 종이 박스포장 2. 책모서리 구겨지지 않게 책을 박스 한가운데에 고정 3. 무엇보다 장점은 책을 비닐랩으로 한번더 포장해서 <티끌만한 오염도 책에 없습니다> 쿠폰할인이 괜찮다면 여기서 계속 구매하고 싶구요 저에게 사피엔스는 <다빈치코드> 이후 가.장. 재밌는 책입니다. 두꺼운데도 단숨에 소설처럼 술술읽히는 신기한 책이고, 한번 잡으면 놓기 싫어지는, 엄청나게 재밌는 책입니다. 강추! (가격이 좀 비싼거 말곤 단점이 없는책. 그러나 그 가치를 충분히 하는 책) E-book으로 읽다가 눈 피로해서 다시 종이책으로 재구매했는데 다시는 전자책시도는 말아야겠습니다. ㅡ.ㅡ"
인문,사피엔스,4,저도 한번 정리해보고 싶어요 촤라락
인문,사피엔스,4,재미있게 읽고있습니다 배송도 예쁘게 오네요.
인문,사피엔스,4,흥미롭게 읽고 있습니다. 교보의 배송도 만족이고 책의 선택도 훌륭했네요~
인문,사피엔스,3,초반이지만 앞으로의 이야기가 기대됩니다.
인문,사피엔스,4,아직 초반이지만 구매하기 잘 한것 같아요
인문,사피엔스,3,인류위 역사를 바라보는 관점이 새로운 책이라 페이지가 많아도 흥미롭게 읽게 되네요<
인문,사피엔스,4,기대됩니다!
인문,사피엔스,4,잘 읽어보겠습니다. 기대되네요.
인문,사피엔스,4,잘봤어요
인문,사피엔스,3,기대되는 책입니다 오늘책이와서 읽어보려구요!
인문,사피엔스,4,새로운 관점에서 과거와 현재 미래를 생각하게 하는 좋은 내용을 담고 있고 한편으로는 미래에 대한 두려움도 생겼습니다.
인문,사피엔스,4,받아보고생각보다두꺼워서놀랐습니다~인간의뿌리에대해서생각하게합니다
인문,사피엔스,3,넘 기대됩니다. 아직 다 읽지 않았지만 오랫만에 좋은 책 만난것 같아요~
인문,사피엔스,4,인류 역사를 다시 보게되면서 세상이 어떻게 돌아가는지 깨닳을 수 있는거 같음
인문,사피엔스,2,예전부터 꼭 읽고 싶던 책.. 그런데 페이지가 잘 안넘어감
인문,사피엔스,4,기대되고 재미있을것 같아요~~~
인문,사피엔스,4,기대하고 있습니다...
인문,사피엔스,4,"내용을 입력해주세요. 주제와 무관한 댓글, 악플, 배송문의 등의 글은 임의 삭제될 수 있습니다."
인문,사피엔스,4,분명 세상에는 에너지 결핍이 존재하지 않는다. 부족한 것은 에너지를 찾아내 그것을 우리의 필요에 맞게 전환하는 데 필요한 지식이다.
인문,사피엔스,4,완전 훌륭하고 신선하다.
인문,사피엔스,4,추천받아 구입했는데 흥미로운 책이네요
인문,사피엔스,4,근래에 읽은 책 중 단연 최고라고 말하고 싶습니다.
인문,사피엔스,4,"화려하고 조잡한 홍보문구가 거슬리지만, 기대가 되는건 사실이다."
인문,사피엔스,1,"e북 미리 맛보기로 읽고 책 구입하였는데,
지루하지도 않고 흥미롭네요!~ 재밌게 잘 읽겠습니다."
인문,사피엔스,4,생각보다 재미있네요 생각보다 두껍고요 한동안 이책에 빠져있을듯합니다
인문,사피엔스,4,인류에 관한 책을 한번쯤은 읽어보고 싶었는데 눈에 확 띈 것이 이 책이에요~ 어서 읽어보고 싶어요ㅎㅎ
인문,사피엔스,4,"<총,균,쇠> 이후 최고의 진화문화인류학 책인 듯. 짱짱 강력추천"
인문,사피엔스,4,신비란...
인문,사피엔스,4,good! 지루할 줄 알았는데 의외로 재미있네요.
인문,사피엔스,3,망설이다 주문함...기대만빵임^^
인문,사피엔스,3,700페이지가 넘는 책을 3일만에 읽었다.. 인간에 대한 역사적 스토리가 한편의 영화처럼 펼쳐진 책이다.. 민주주의도 종교로 해석하는 날카로운 시선은 충격 자체였다.....
인문,사피엔스,4,기대했던 것 이상입니다.
인문,사피엔스,3,가볍게 넘기지 않아야 하는 현상들이 담겨있습니다. 어떻게 무엇을 상기하며 살아야하는지 생각에 잠기게됩니다.
인문,사피엔스,4,"사피엔스를 읽고서 너무도 공포스러웠다. 부유한자는 영원한생명을 얻어 가상의 신으로 업그레이드되고, 가난한자는 쓸모없는 단계로 하락한다. 새로운 세계의 시작 ....
이것이 미래학자들이 오래전 부터 예견하고 요즘, 화두가 되고있는 ""제4차산업혁명""에 미래인가? 다가오는 미래가 어쩌면 인간을 더욱더 공포스럽고 비참하게 만들지도 모른다는 생각에 책을 덮는 순간 마음이 편치 못하다. 사피엔스의 역사는 결국 소수의 사피엔스만을 위해서 존재하였는가? 99% 잉여인간에 종말이 얼마남지 않았나 보다."
인문,사피엔스,4,"""호모사피엔스""라는 인간 종을 알고 있기 때문에 궁금증에 의해 책을 구입하였다. 책을 읽으면서 인률의 진화와 왜 호모 사피엔스 종만이 유일한 승자로 지구상에 살아남게 되었는지를 알게되었다."
인문,사피엔스,3,인류의 기원에 대해 생각하게 해주는 책입니다.
인문,사피엔스,4,"그 이전의 어느 정복자보다도 심지어 원주민들보다도 훨씬 더 깊이. 그런 지식이 없었다면, 우스울 정도로 적은 숫자였던 영국인이 수억 명의 인도인을 2세기에 걸쳐 지배, 억압, 착취하지는 못했을 것이다. 19세기 전반과 20세기 초에 걸쳐 최대 3억 명에 이르는 인도인을 정복하고, 지배하는 데는 5천명이 채 되지 않는 장교 4만~7만 명의 사병 그리고 사업가들, 떡고물을 바라는 한량들, 그들의 아내와 아이들을 다 합한 10만명의 민간인으로 충분했다. 지식이 있었기에~"
인문,사피엔스,2,"의도치 않게 사인본을 받았는데 거기에 써있는 from one sapiens to another,이란 문구에 한번 씩 웃고 읽게되었는데 내내 생각이 납니다. 재미있게 읽고 있네요"
인문,사피엔스,4,학교에서 인류의 진화를 굵직굵직 두루뭉실 배웠다면 이책은 하나하나 따져가면 설명해줘서 흥미있게읽고 있습니다 :)
인문,사피엔스,2,인간을 보다 객관적으로 어쩜 우주인이 우리인간을 말하고 있는 것처럼 표현된 책이라고 생각합니다. 보잘 것 없어 보이는 존재가 마치 세상의 주인인량 다 가진 것 같이 살아가고 있는 교만한 움직이는 생명체의 모습이 보였습니다.
인문,사피엔스,4,어떤세상사가발견되어이루어지는가궁금해서구매함
인문,사피엔스,4,"세계사를 이보다 더 간단히 그리고 자세히 기술한 책은 없을 것이라는 것은 제쳐두고라도 인류가 걸어온 발자취와 앞으로 걸어갈 길, 그리고 인간 본성에 대해 깊은 통찰을 제공한다. 인간의 어떠한 행동도 우주적인 의미가 없다는 대목에서 머리를 방망이로 얻어맞은 기분을 느꼈다."
인문,사피엔스,4,정독함.
인문,사피엔스,4,유명한 책. 역사서 처럼 읽히네요. 다만 사설이 너무 많아요.
인문,사피엔스,4,현대사회에 대해 생각해보지 못했던 시선을 경험할 수 있었다
인문,사피엔스,4,"역사를 바라보는 새로운 시선, 너무나 방대한 역사에 대한 정확한 지식을 가지고 있는 저자가 부러울 따름, 역사는 미래를 예측하는 거울이라고 하기에 과거로 부터 얻은 객관적인 저자의 통찰로 비롯한 미래가 도래하는 가능성은 무척 높아보이고 한 개인의 의견이라고 하기엔 너무나 많은 공감이 되었으며, 한편으로는 약간 무섭기도 하지만 이 생각과 이 글을 적고 있는 이 순간도 그저 흘러가는 한 사피엔스의 시간일뿐!"
인문,사피엔스,4,소장용으로 구매했습니다 ^^
인문,사피엔스,3,"색 다른 시각이고, 비록 출판한지 시간이 좀 지났지만 여전히 생각해볼만한 주제다."
인문,사피엔스,4,정말 좋아요................................
인문,사피엔스,4,좃은 책입니다
인문,사피엔스,4,세상을 보는 눈을 180도 바꾸어 준 엄청난 작품입니다
인문,사피엔스,4,구구구굿
인문,사피엔스,3,종이책 벽돌이라서.전쟈책으로.구입했어요
인문,사피엔스,4,드디어 샀습니다ㅎ
인문,사피엔스,4,"인간과 문화에 대해 객관적 거리를 두고 바라볼 수 있는, 인간을 객관적으로 이해하는 계기를 준 책인 것 같다."
인문,사피엔스,4,친구가 쿠폰을 줬어요. 평소에 찜해놨던 책 몰아서 샀습니다
인문,사피엔스,4,과거와 현재 미래를 인간이라는 존재를 통해 설명하고있음
인문,사피엔스,4,세상을 바라보는 통찰력을 기르는 책
인문,사피엔스,4,너너무무무 좋아오ㅗㅛㅗ
인문,사피엔스,4,독특한 시각과 거대담론. 따라가면서도 한편으론 따라잡기 힘들다. 현실에 충실할수밖에. 이 조차도 위험한가??
인문,사피엔스,4,"총, 균, 쇠를 더 세분화하여 고증한 현대인의 필독서"
인문,사피엔스,4,인간의 역사에 대해 새로운 시선으로 바라볼 수 있게 해주는 책
인문,사피엔스,4,신박하다
인문,사피엔스,4,인간이 모르는 인간에 대한 다양한 관점을 제시한다
인문,사피엔스,4,재밌어요 ^^ 인문 사회 금융 경제 등...
인문,사피엔스,4,인간의 본질을 이해하면 미래가 보인다.
인문,사피엔스,4,생각할것이 많아 지네요 좋은 책이었습니다.
인문,사피엔스,4,인간이라는 종이 이렇군요. 생각해보지 못한 관점을 제시해주는 책이네요. 매우 흥미롭게 읽었습니다.
인문,사피엔스,4,짱!!!
인문,사피엔스,4,'미래'자체에 대한 새로운 관점 제시.
인문,사피엔스,4,인간의 진화 과정을 자세하게 그려놓은 인간 교과서
인문,사피엔스,4,열심히 정독합니다.
인문,사피엔스,4,‘인류’ 자체에 대한 근본적인 호기심이 있다면 꼭 한번 읽어 볼 만한 책.
인문,사피엔스,4,어렵지만 지식이 많은 책
인문,사피엔스,4,내가 뭘 원하는지 스스로 물어봐야겠다.
인문,사피엔스,4,재밌어요 기대보다 재밌고 술술읽혀요
인문,사피엔스,4,인류의 역사와 근원에 대해서 다시한번 생각하게 되었습니다. 잘 읽었습니다.
인문,사피엔스,3,"어렵지만 인간에 대한, 그리고 미래에 대한 시각을 바꿔주는 책이다."
인문,사피엔스,4,인류의 변화 과정을 자신의 방식대로 재밌게 표현해서 아주 잘 읽히는 책입니다.
인문,사피엔스,4,필독서 잘 읽었습니다
인문,사피엔스,4,정말로 읽기가 재밌었고 많은 지식을 얻었다
인문,사피엔스,4,무엇을 원하는지도 모르는채 불만스러워하며 무책임한 신..
인문,사피엔스,4,진부한 내용일 수 있지만 생각의 기회를 넓혀주는 좋은 책.
인문,사피엔스,4,유익하고 재밌는 책입니다!
인문,사피엔스,4,인류의 미래에 대해 심도 깊은 상상을 해볼 수 있게 해 주는 책입니다.
인문,사피엔스,4,전자책으로 볼 수 있어 좋습니다.
인문,사피엔스,4,that was fabulous... im so impressed. he's pretty terrific.
인문,사피엔스,4,역사에 대한 새롭게 생각할수록 있었습니다
인문,사피엔스,4,"인간이 지금보다 더 강력했던 적은 없지만, 우리가 선조보다 더 행복하지는 않다 라는 저자의 말인 인상적이네요. 좋아요."
인문,사피엔스,4,진화론에 대한 새로운 시각과 해석으로 매우 흥미로워서 기대가 됩니다.
인문,사피엔스,4,유익한 내용이 많아서 좋은 것 같습니다.
인문,사피엔스,4,많은 사람들이 추천하는 인문학책인만큼 기대가 큽니다. 인류학과 다른 학문분야가 통합적으로 시사된 책이라 좋아보여요.
인문,사피엔스,4,"역사라고 표현하면 과거이지만, 인간이 끊임없이 미래를 향해 쌓아온 변화들이기에 다가올 미래에 어떤 선택을 하고 어떤 모습을 나타낼지를 판단하는 종합적 빅데이터라고 생각합니다. 이 빅데이터를 인간의 주요 순간에 등장했던 키워드를 통해 분석하고 평가하여 미래를 추측하는 과정은 단순히 시간이 아니라 인간을 자세히 알아볼 수 있는 기회가 될 것입니다."
인문,사피엔스,4,유발 하라리의 인류에 대한 포괄적인 통찰. 교양으로 읽어봐야 할..
인문,사피엔스,4,흥미로운 주제네요 기대됩니다
인문,사피엔스,4,통찰력을 기를 수 있는 책. 시간이 흘러도 고전으로 계속 읽힐 것 같아요.
인문,사피엔스,4,정말 읽어보고싶은 책이에요. 기대됩니다~~~~!!
인문,사피엔스,3,기존과 다른 시각으로 세상을 보게 도와준다
인문,사피엔스,4,여러 매체에서 소개된 인문학 베스트셀러입니다. 유발 하라리 교수의 인류 3부작 중 첫 번째를 장식한 작품이기도 하죠. 인류 문명의 역사에 대한 고찰을 통해 인류가 나아가야할 방향을 제시해주는 안내서이자 인문교양서입니다. 그래픽노블 버전도 순차적으로 출간되고 있으니 함께 읽어보기를 추천합니다.
인문,사피엔스,4,인간이 지금까지 시스템을 유지하고 발전하게 한 궤적을 잘 묘사한 듯 하네요
인문,사피엔스,4,인류의 역사를 통해 앞으로 멸종이냐 진보냐를 고민
인문,사피엔스,4,에상했지만 이해하기에 다소 어렵습니다..하지만 한번쯤 읽어볼만 합니다.
인문,사피엔스,4,예상했지만 이해하기에 다소 어렵습니다. 하지만 한번쯤 읽어볼만 합니다.
인문,사피엔스,4,도서관에서 대출했다가 다 읽지 못하고 반납했는데 이번엔 꼭 완독해야겠어요!!!!
인문,사피엔스,4,"전 종이책으로 읽었지만, 엄청난 두께를실감하지 못할 정도로 몰입도와 흡인력이 뛰어납니다. E북도 기대합니다."
인문,사피엔스,4,tts로 독서를 해서 전자책을 구입했는데 이 책은 이미지 자료가 정말 많더라구요. 제대로 읽으려면 종이책으로 봐야합니다~ 저도 교환권 모아서 종이채 소장하고 싶어요~ 좋은 책입니다
인문,사피엔스,4,생각의 전환을 가져다준 책이에요. 생각날 때마다 들여다보고 싶어서 소장하려구요!
인문,사피엔스,4,사피엔스 기대되는 책입니다~!!
인문,사피엔스,4,유발 하라리 작가님 팬이에요. 사피엔스 너무 재밌어요.
인문,사피엔스,4,유명한 사피엔스 어떤 내용일지 궁금합니다
인문,사피엔스,4,인류가 발전해 온 역사를 통해 앞으로 나아가게 될 방향을 통찰하는 기회가 될 것 같아 흥미롭게 느껴지는 책입니다. 기대됩니다.
인문,사피엔스,4,워낙 유명한 글이라서 역시 기대됩니다.
인문,사피엔스,3,"마치 현재의 고전같이 꼭 읽어야 하는 책이라 사람들이 떠들어 한편으로는 많은 기대를 가지고 다른 한편으로는 어렵지 않을까 독서전 걱정을 했었다. 우선 어려운 내용은 없어서 읽는데 별 무리는 없었던 거 같다. 마지막 장을 끝내면서 왜 이책이 이렇게 유명하고 입소문을 탔는지 갸웃하게 했다. 우리 인류가 사피엔스라는 잔인한 살인자의 후손이며 또 그 후손들중에서 산업혁명을 주도한 유럽인들이 아프리카, 아메리카, 아시아인들을 학살하고 착취했다는 얘기. 사피엔스에 의해서 한번 인종이 다 섞였다면, 결국 머나먼 친척되는 사람들을 학살하고 착취했다는 얘기가 되리라. 농업혁명, 산업혁명을 지나 자본주의와 과학혁명의 세상에서 이제 과거와 같은 잔혹한 전쟁으로 국가간의 전쟁은 없을것이라는 저자의 말은 무언가 안도감을 주기는 한다. 앞으로 사피엔스가 또다른 혁명으로 길가메시프로젝트가 완성되어 사피엔스가 영원히 살 수 있는 방법이 생긴다면 난 그 변화에 동참하고 싶지는 않다고 생각한다. 이기적 유전자에서 다뤘던 거 처럼 우리 인류가 단지 유전자를 유지, 그리고 번식시키는데 사용되는 기계라면 삶에의 큰 의미를 둘 필요는 없지 않을까?"
인문,사피엔스,1,인류의 미래에 대하여 많은 생각을 하게 된 책
인문,사피엔스,4,인류 탄생과 발전에 관한 집대성
인문,사피엔스,4,흥미로운 내용이라 기대됩니다.
인문,사피엔스,4,인류의 기원으로부터 시작한 역사와 미래까지 한 권의 책으로 볼 수 있어 기대됩니다.
인문,사피엔스,4,인류역사전체를 생각하면서 읽을수 있어서 좋았어요
인문,사피엔스,4,유인원에서 사이보그까지의 긴 인간의 역사에 대해 서술한 책인지라 더욱 더 궁금하네요.
인문,사피엔스,3,유익한 내용
인문,사피엔스,4,제목만큼 참신하고 유익한 내용 기대되네요 재미있을듯 합니다. 기대치가 큰 작품인 만큼 읽고싶은 마음에 흥분되네요.
인문,사피엔스,4,다른 것은 있던 이론이지만 뒷담화는 새로운 접근이네요.
인문,사피엔스,4,호모데우스는 안봤는데 이번 기회에 봐야겠어요
인문,사피엔스,4,아주 좋은 책
인문,사피엔스,4,이번 그래픽 노블 버전을 보고 다시 읽어본 사피엔스는 다시봐도 명작이라는 생각이 듭니다. 인류에 대해서 새로운 시각과 진일보 적인 생각을 해볼 수 있는 좋은 기회를 주는 책입니다. 추천하는 책입니다.
인문,사피엔스,4,기대하고 있어요~!
인문,사피엔스,4,"인류의 탄생과 진보, 그리고 미래라는 흥미로운 주제에 대한 저자의 통찰에 감탄하며 읽었네요. 특히 어려운 지식과 방대한 분량에도 쉽고 재밌게 읽히는 문장력이 좋았습니다."
인문,사피엔스,4,인간의 역사가 어디에서 시작되고 어디로 가야할지 물음에 대한 해답을 생각하며 읽을 수 있는 작품이네요
인문,사피엔스,4,너무 즐거운 책
인문,사피엔스,4,새로운 발견
인문,사피엔스,4,인류역사에 대한 새로운 관점에 박수를 보내고 싶습니다. 인류의 진정한 행복이 증대될 수 있는 역사가 이루어지길!
인문,사피엔스,4,우리는 무엇을 원하고 싶은가?
인문,사피엔스,4,정보가 많은 책
인문,사피엔스,4,인류의 혁명은 우리들에게 행복을 주었는가? 아니면 사기극인것인가?
인문,사피엔스,4,아직 읽기전이라.... ㅠㅠ
인문,사피엔스,4,모처럼 깊은 울림을 받은 책을 만났다 사실 장마다 책장을 휙휙 넘기지 못하고 많은 생각을 하게 함으로써 완독까지 시간이 꽤 걸렸다 ..........휴 인류~~~ 최근에 신작이 나왔는데 곧 또 봐야겠다
인문,사피엔스,4,... 이 책이 끝나고 무슨생각을 할까
인문,사피엔스,4,처음부터 끝까지 유익했던..
인문,사피엔스,4,인류의 다양한 역사에 대하여 재미있게 저술되어 있어서 좋은 것 같습니다.
인문,사피엔스,4,인류의 역사 전반을 심도 깊게 다루고 있으면서도 일반인들도 크게 이해하기 어렵지 않게 쓰여져 있는 책이라고 생각합니다. 인류의 과거를 되돌아보면서 앞으로의 모습을 어떠할지 생각해볼 수 있게도 해서 추천하고 싶습니다.
인문,사피엔스,4,너무나도 유명하고 흥미로운 글이서 '인간'이란 무엇인가에 대해 생각해 볼 수 있는 좋은 계기가 된 글입니다. 앞으로 인류는 어디로 나아갈 것인가 미래는 어떻게 변화할 것인가 많은 생각을 해보게 되었고 저자가 말하는 것에 대해 이렇게 생각할 수 있구나 하는 놀라움의 연속이었습니다. 꼭 한 번 읽어보면 좋을 책입니다.
인문,사피엔스,4,"TV프로그램을 통해 먼저 만나본 유발 하리리의 [사피엔스]는 지금까지 우리가 학창시절에 배운 학문에서 많이 벗어난 시각인것도 있지만, 이것이 옳다, 그르다를 따지기보다는 다양한 관점에서 살피고, 수긍하는 유연한 사고를 키울수 있는 도서라는 점이 인상적이네요. 과학, 기술, 역사를 전문적으로 알지 못해도 인류의 전역사를 훑으며 인간의 발전을 알아볼수 있는 내용으로 전혀 새로운 시각으로 인류발전사를 살펴보고, 더 넓은 시야를 갖게 해주는 내용이라 꼭 추천하고 싶은 도서입니다."
인문,사피엔스,4,사피엔스가 지구를 지배하게 된 원인에 대해서 그것은 언어 사용 능력과 강력하게 연결된 실재하지 않는 것을 공동체 구성원들과 함께 상상하는 능력에 있다는 새로운 시각을 제공한다.
인문,사피엔스,4,[사피엔스]아직 안읽어보셨다면 비오는 주말에 한번 읽어보시면 어떨까요. 어려울 거라 예상되는 내용이지만 쉽게 풀어쓴 작가님의 능력에 감탄을 보내게 됩니다. 추천해요~!!
인문,사피엔스,4,제가 지금까지 읽은 역사에 관한 책 중 가장 설득력 있는 내용이었어요. 좁았던 시야가 넓어지는 놀라운 경험을 했습니다.
인문,사피엔스,4,몰랐던 지식을 알아가는 재미가 있어서 유익한 책이었어요.
인문,사피엔스,4,몇 년이나 많이 읽히는 이유가 있는 것 같아요. 인류 역사를 폭 넓게 인식할 수 있어요.
인문,사피엔스,4,몇년이 지나서 읽어도 참 재미있는 책입니다.
인문,사피엔스,4,인간이라는 존재에 대해 다시 생각하게 되어 의미있는 것 같습니다.
인문,사피엔스,4,이런 주제와 내용을 이만큼 쉽게 풀어쓰기도 쉽지 않습니다. 꼭 한번 읽어보세요
인문,사피엔스,4,생각보다 정말 재미있게 읽었어요. 재독에 도전합니다!!
인문,사피엔스,4,세상을 꿰뚫는 통찰력을 손톱만큼이라도 따라가고 싶네요!
인문,사피엔스,4,인간 역사의 대담하고 위대한 질문. 기대됩니다
인문,사피엔스,4,유명한 책은 그만한 가치를 하는거 같아요. 인간의 역사에 대한 전반적인 생각을 정립할수 있어요
인문,사피엔스,3,사피엔스 에 관하여 끝없는 성찰이 기대된다
인문,사피엔스,4,유명인들이 추천하는 도서로 많이 언급되는 책이지만 책 내용이 어려울까봐 시도하지 못했어요. 그렇지만 여러 학문의 경계를 넘나들며 본질적인 질문에대한 답을 찾는데 내가 내린 답에 대해서 계속 생각하게 만들 것 같아 기대됩니다.
인문,사피엔스,4,"인간과 미래, 과학에 대한 이야기 기대됩니다."
인문,사피엔스,4,인간에 대한 근원적인 생각을하게해주는 책
인문,사피엔스,4,진화에 대한 그리고 미래에 대한 이야기.
인문,사피엔스,4,앞으로 다가올 미래에 어떤 인간이 있을지 상상이 되는 책이군요. 너무 문명발전이 인간에게 과연 재앙인지 축복인지... 또는 지금 보다 인간이 행복 할지 궁금하네요.
인문,사피엔스,4,인간의 역사의 흐름을 살펴보고 미래를 예상해보는 좋은 책이네요
인문,사피엔스,4,이제는 스테디셀러가 된 작품입니다 인류학 분야의 새 지평을 연 글이기두 하구요 모두가 꼭 한번은 읽어 봐야할 인문 교양서로 추천합니다^^
인문,사피엔스,2,"아직까지도 잘 나가고 있네요. 인류에 대한 통찰을 통해 무엇이 인간인지부터 인간의 진화, 미래를 그리고 있는데, 생각보다 디스토피아적이지만은 않아서 놀랐어요. 딱딱할 수 있는 내용인데 생각보다 어렵지 않게 풀어나가서 더 놀란 책이구요. 인간에 대한 생물학적인 것부터 철학까지 담겨있어서 전체적으로 한번 훑는다는 느낌이 있었고 두께가 좀 만만치 않다 싶어요. 흥미로운 책이었습니다."
인문,사피엔스,4,인류에 관한 통찰을 제시하는 베스트셀러... 진심으로 기대됩니다!
인문,사피엔스,4,너무 기대되는 책입니다~!
인문,사피엔스,4,친구가 좋아하던 책인데...
인문,사피엔스,4,한번 읽어보면 좋을 책입니다
인문,사피엔스,4,인류학의 바이블입니다. 잘 읽혀요!
인문,사피엔스,3,5년연속 1위라니 기회되면 보고싶네요
인문,사피엔스,4,주변 지인이 추천하던데 어떤 내용일지 기대됩니다
인문,사피엔스,4,너무 좋아하는 책이에요. 베스트셀러에는 역시 이유가 있습니다. 재밌습니다.
인문,사피엔스,4,정말로 기대됩니다.
인문,사피엔스,4,"사피엔스!! 정말 유명한 책인데, 이북으로 한번 읽어볼게요!!! 기대됩니다!!!"
인문,사피엔스,4,유명한 베스트셀러인 만큼 정말 기대돼요!! 읽어보고 싶어요!!!
인문,사피엔스,4,5년간 계속 베스트셀러인 이유가 있을 것 같네요
인문,사피엔스,4,인류학을 좋아한다면 한 번쯤 읽어두어도 좋을 것 같네요
인문,사피엔스,4,이미 너무나도 유명한 책이기도 하고요 재미있습니다
인문,사피엔스,4,넘나 기대돼요
인문,사피엔스,4,인류학의 베스트셀러. 역시 멋진 책입니다.
인문,사피엔스,4,유발 하라리의 명성에 걸맞는 책~
인문,사피엔스,4,5년간 베스트셀러인만큼 기대가 되는 도서입니다. 좋아보입니다.
인문,사피엔스,4,사피엔스는 역시 유발 하라리!
인문,사피엔스,3,인간사에 대해 싸늘한 감정이 느껴집니다.
인문,사피엔스,4,사피엔스는 무엇을 원하고 있을까
인문,사피엔스,4,총균쇠의 영향을 받은 빅히스토리식 서술. 기발한 아이디어가 엿보인다.
인문,사피엔스,4,시간가는줄모르고읽게됩니다 책읽는취미가생겨서좋아요 정말재미있습니다
인문,사피엔스,4,"이제야 읽은 나를 탓하며, 열심히 읽었습니다. 좋은책 감사합니다."
인문,사피엔스,4,상당히 유익한 지식과 경험에서 나오는 다양한 정보 의견이 잘 저술되어 있어서 좋은 것 같습니다.
인문,사피엔스,4,인간의 역사와 미래에 대해 이야기하고 있는 유발 하라리의 사피엔스. 전작을 인상깊게 읽어 이 책이 어떤 이야기를 보여줄지 정말 기대가 큽니다.
인문,사피엔스,4,현대인이라면 반드시 한 번쯤 읽어 봐야할 책
인문,사피엔스,4,과거에서부터 현재까지 인류가 거쳐온 변화와 혁명들을 살펴보면서 앞으로의 길도 모색할 수 있을 것 같네요 기대됩니다
인문,사피엔스,4,"너무나 좋은 책이었고, 꼭 정독을 추천합니다. 작가의 독특한 시각과 사물과 현상에 대한 재해석이 돋보이는 책이었습니다."
인문,사피엔스,4,죽기전에 읽어봐야 될책인거같아요~~
인문,사피엔스,4,과거의 역사를 통하여 미래를 알아볼 수 있는 유익한 내용이 기대됩니다.
인문,사피엔스,4,"인류에 대해, 역사에 대해, 생각할 거리를 안겨주는 책이에요,정독하며 다시 읽습니다."
인문,사피엔스,4,인류가 나오는 순간부터 오는 다양한 내용의 재미있는 의견이 좋은 것 같습니다.
인문,사피엔스,4,사피엔스가 지구를 지배하게 된 원인에 대해서 그것은 언어 사용 능력과 강력하게 연결된 실재하지 않는 것을 공동체 구성원들과 함께 상상하는 능력에 있다는 새로운 시각을 제공한다. 구매
인문,사피엔스,4,"인류의 방대한 역사를 아주 깔끔하게 보여주네요. 분량이 많지만, 지루하지 않습니다. 인류의 혁명과, 상상의 공동체를 통해 진화하는 과정은 놀라웠습니다. 과거를 통해 인간이 생각보다 현명하지 못하다는 것도 많이 느꼈습니다. 더불어 이 과거가 우리 미래에 어떤 영향을 끼칠지 걱정도 되고, 기대도 됩니다. 과거의 잘 못을 미래에는 반복하지 않기 위해 읽으면 좋은 책입니다."
인문,사피엔스,4,한줄한줄 한장한장 넘길때마다 놀라움이 멈추질 않는 책
인문,사피엔스,4,어려운 내용을 이만큼 쉽게 풀어쓰기는 쉽지 않다. 작가의 역량이 느껴지는 책이다.
인문,사피엔스,4,아주 중요하고 깊이있는 질문을 통해 메시지를 준다.
인문,사피엔스,4,이 시대의 필독서 중 하나라고 생각됩니다
인문,사피엔스,4,정말 인간이 지구를 얼마나 바꿔놓았는지를 다시한번 생각하게 하는 책인 것 같아요
인문,사피엔스,4,"유발 하라리 교수의 인류 3부작 중, 첫 번째를 장식한 작품입니다. 이 책은 인류의 조상인 호모 사피엔스가 지구의 지배자로 군림하게 된 과정을 알려주는 책으로, 인류의 과거 발자취를 통해 인류의 현재와 미래를 고찰하고 있습니다. 인문학적 지식을 쌓기에 이 책만큼 유용한 책이 없는 것 같습니다."
인문,사피엔스,4,"최초의 인간부터 현재에 이르기까지 인류의 역사를 한 권으로 축약한 ""사피엔스""를 통해 인류가 어떻게 진화해왔고 어떻게 발전해왔는지를 알아보고 싶습니다. 또한, 우리 인류가 어디로 나아가야 하는지 그에 대한 이야기도 알아보고 싶습니다."
인문,사피엔스,4,"생각할 거리를 많이 안겨주는 책, 두껍지만 술술 읽혀요"
인문,사피엔스,4,이건 좀 어려운듯 ...
인문,사피엔스,3,정서적인 측면까지 어떻게 과학기술로 컨트롤 할 수 있을지.... 읽으면서 계속 생각을 만드는 책 같아요. 유명한 저자여서 기대되기도해요.
인문,사피엔스,4,학교교육에서는 접할수 없었던 부정적인 관점에서의 발전 과정. 학자로서의 고집스러운 연구. 이제 아이들에게 하나 가르쳐 줄 수 있는 새로운 지혜를 얻은 것 같습니다.
인문,사피엔스,4,인간을 이해하는 기본적인 접근. 나 자신에 대해 편견없이 바라볼 것
인문,사피엔스,4,인류가 어디에서 왔고 앞으로 어떤 방향으로 가야할지 생각해보는 시간이 되었어요
인문,사피엔스,4,사피엔스라는 제목이랑다르게(? 글이 좋아서 내용이많아서 읽기에버겁지만 함번 읽우면 금방 끝까지 보게 되는 글이라고 추천 받았는데 공감이갑니다.
인문,사피엔스,4,무엇을 인간으로 정의하고 부를것인가에 대한 원초적이면서도 깊이있는 물음을 던집니다. 왜 이렇게 유명하고 인기가 있었는지 이해할 수 있었어요.
인문,사피엔스,3,"작고 힘없는 존재일 뿐이던 인류(호모 사피엔스)가 지성이라는 무기를 가지고 만물의 영장이 되기까지의 과정을 답습해보고, 신의 영역에까지 도전하는 놀라운 기술들이 끊임없이 탄생하는 미래를 어떻게 준비해야 하는가를 이 책 한 권으로 알아볼 수 있다니 참 기대가 됩니다."
인문,사피엔스,4,"미래를 위해 추천합니다,"
인문,사피엔스,4,이미 너무 유명한 책 중 하나죠 뭐
인문,사피엔스,4,읽어보고 싶은 주제의 책이에요
인문,사피엔스,4,쉽지 않은 주제를 흥미롭게 풀어낸 듯 합니다. 계속해서 언급되는데다 추천사도 많아서 점점 읽어보고 싶어지고 있어요.
인문,사피엔스,4,유명한 책입니다. 기대됩니다.
인문,사피엔스,4,꼭 한번추천해보고 싶은책이네요~
인문,사피엔스,4,유발 하라리 말이 필요없죠
인문,사피엔스,4,현생인류의 진정한 바이블..
인문,사피엔스,4,인류의 역사를 돌아보게 하는 책
인문,사피엔스,4,인간 종을 다시 한번 생각하게 된다. 호모사피엔스가 과연 무엇을 원하고 있을까? 결국 길가메시 프로젝트로 대변되는 영생인가? 영생을 가졌다고 과연 행복할까? 영생을 가진 종은 과연 호모사피엔스라고 할 수 있을까? 이 질문에 저자와 마찬가지로 끊임없이 질문할것 같다 기존의 산업혁명 대신 저자는 과학혁명을 이야기 한다 이 과학혁명이 일어날 수 있었던 것은 바로 무지의 인정이고 자심의 이론이 언제든지 틀릴 수 있다는 것이다. 나에게 많은 흥미로운 지점이었다.
인문,사피엔스,4,좋은 내용
인문,사피엔스,4,"인류의 시작부터 현재까지, 그리고 미래에 대한 오디세이"
인문,사피엔스,3,내용은어렵지않다 하지만 머리에도 잘 들어 오지도 않다. 참고 견뎌내고 끝을 향해 다가 온다면 재미와 쾌락을 얻게 될 것이다.
인문,사피엔스,4,"인류의 진화에 대한 전반적인 지식이 높아지는 것을 느꼇으며,책을 읽는동안 저자의 질문에 나름대로의 생각을 하며 읽을수 있어서 좋았습니다."
인문,사피엔스,4,신선한 충격~~ 너무 신선해 받아들이는데 시간이 쫌 걸린책
인문,사피엔스,2,나쁘지 않음
인문,사피엔스,4,두번째 읽었는데 이해를 50%정도로 끌어올린 듯
인문,사피엔스,4,"우리 사피엔스의 과거, 현재, 미래에 대해 색다른 생각을 불러일으켜준 책입니다."
인문,사피엔스,4,기존 질서를 흩뜨리는 것 같아 혼란스러울 수 있다. 특히 유신론자들에게 그러할 것이다.
인문,사피엔스,4,유발 하라리가 낸 책중 가장 최근의 저서인데.. 인간의 존재에서부터 인간이 가지게 된 가치등 여러방면에서 우리가 일반적으로 생각하던 부분의 허를 찌르면서 질문을 던지고 있는데 기대감만큼이나 우리에게 던지는 메세지는 여러가지 생각이 들게하는 책이 아닌가 합니다.
인문,사피엔스,4,정규교육에서는 가르쳐주지 않는걸 많이 알게 되었어요...
인문,사피엔스,4,세상을 보는 눈을 한층 업그레이드 시켜주네요......
인문,사피엔스,4,거의 모든 것의 역사 재미있게 봐서 이 책도 읽어보고 싶습니다. 기대됩니다
인문,사피엔스,4,한번 읽어보고 싶은 책입니다
인문,사피엔스,4,"""인간이 지금보다 더 강력했던 적은 없지만, 우리가 선조보다 더 행복하지는 않다' 확실히 시대가 지날 수록 그런 면이 더 강해진다고 봐야하겠네요. 오늘날 기술의 진보는 놀랍도록 발전해서 1년 전 실험수준이던 기술이 해가 넘어가면 상용화가 된다던가 상상만 했던 기술이 실현되는 고도로 발달된 사회를 살고 있지만, 다른 한편에선 그런 기술의 이익을 공평히 누리지 못하는 소외계층들 또한 있으니까요. 또 문명이 발전하고 자원이 발견될 수록 자연은 파괴되고 전문가들은 지구 멸망과 재앙에 대해서 지속적으로 경고하고 있고요. 가진 자만이 발전된 기술을 누리는 미래에 대한 경고는 마치 SF 영화같아서 무섭게 여겨지기도 하네요. 하지만 인간 역사를 보면 과연 지속적으로 발전해자나가며 소수의 지배계층만이 이익을 누리는 불평등한 사회가 될지, 아니면 기원전의 고대 이집트 문명처럼 한순간에 사라지게 될 것인지 어느 쪽을 생각해봐도 좋은 미래는 아닐 것 같습니다. 현재의 인간이 선조보다도 행복하지 못한 것은 많은 것을 누림에도 계속 갈망하는 욕구 때문이고, 저자의 책은 그런 인류의 욕망에 대해 경종과 경고를 하는 책이 아닐까 생각되어지네요."
인문,사피엔스,4,인류의 역사를 알아가면서 현재와 미래를 생각해 보게 되는 책입니다. 어떻게 인류가 살아왔는지 배우면서 현재의 문제를 극복하고 더 나은 미래를 살아가기 위한 방법을 함께 고민하면 좋을 것 같아요.
인문,사피엔스,4,인문학 책은 처음인데 유익한 내용같아서 기대됩니다.
인문,사피엔스,4,"인간의 진화과정과 원인, 나의 존재 이유를 생각해보게 하네요"
인문,사피엔스,4,저자의 기발한 뷰와 센스가 넘치는 책
인문,사피엔스,4,제 인생에서 가장 재미있게 읽은 책
인문,사피엔스,4,인류의 역사를 담은 서사시 좋네요.
인문,사피엔스,4,인류 역사에 대한 흥미로운 내용으로 가득합니다.
인문,사피엔스,4,인류 문명을 이뤄온 역사와 이제 역사가 될 미래에 대한 깊이 있는 담론으로 사고의 저변을 넓혀주는 책입니다. 쉽진 않지만 흥미로워요.
인문,사피엔스,4,인간에 대한 이해를 돕는 좋은 책
인문,사피엔스,4,흥미로운 내용이네요. 기대됩니다
인문,사피엔스,4,꼭 읽어봐야 할 흥미로운 책입니다.
인문,사피엔스,4,비록 우주 전체의 역사에서는 극히 일부분이라 할지라도 길고도 길었던 인류의 역사는 매우 큰 이정표를 새기려 하고 있습니다. 그 끝에 인류는 어떠한 성취를 이뤄낼지 책을 읽어보면서 곰곰히 생각해봅니다.
인문,사피엔스,4,"인류의 역사에 관한 책인데 전혀 따분하지 않고, 소설처럼 술술 읽히는 신기한 책입니다."
인문,사피엔스,4,믿고 읽는 유발 하라리..
인문,사피엔스,4,인간의 역사가 어떻게 시작되었고 앞으로 어떤 길을 가야할지 그 흐름을 살펴보고 생각할 수 있어서 추천합니다.
인문,사피엔스,4,유발 하라리의 역작으로 인류가 어떻게 현재의 모습을 이루었는가를 깊고 넓은 통찰의 눈으로 바라보고 있는 점이 아주 좋습니다. 추천할 만한 책이라고 생각합니다.
인문,사피엔스,4,인류의 역사를 다시 한 번 되짚어볼 수 있는 소중한 시간이 될 것이라고 생각합니다. 읽는 재미와 함께 지적 충족감을 얻을 수 있는 책이네요.
인문,사피엔스,4,인간에 대해 고민해보게 되는 책이라 기대됩니다. 빨리 읽고 싶어지네요.
인문,사피엔스,4,그동안 생각하지 못했던 인류의 역사와 미래에 대한 새로운 시각을 제공해주는 책인 것 같아요. 저자의 통찰력 있는 글을 통해 사고력을 확장할 수 있는 기회가 될 것 같아 기대됩니다.
인문,사피엔스,3,워낙 유명한 책이라 한번 꼭 읽어보고 싶습니다.
인문,사피엔스,4,한번 읽고 두번읽고 세번 읽어도 좋을 인류학 분야의 초베스트셀러라고 생각합니다. 인류의 역사에 대해서 역사 철학 생물학 경제학등 여러 학문을 넘나드는 방대하고도 포괄적인 통찰을 담고 있고 그러면서도 어렵고 현학적이지 않고 누구나 쉽고 재미있게 읽을 수 있다는 점에서 더 점수를 주고 싶네요.
인문,사피엔스,4,"역사학자 유발 하라리 교수의 인류사를 통해 인류에 대해서 고찰한 책! 현재의 인류인 호모 사피엔스가 어떻게 해서 지구의 지배자가 되었는지를 인류의 발전사로 알려주는 책으로, 이미 여러 매체에서 최고의 인문서로 소개된 베스트셀러 작품입니다. 좀 더 깊은 지식을 쌓고 싶다면 한 번쯤은 꼭 읽어봐야 할 책입니다."
인문,사피엔스,4,두말할 필요없는 책이죠. 통찰력에 감탄하며 읽게됩니다. 독서의 첫 시작이 부담되고 어렵다면 강연 동영상도 참 좋더라구요. 그걸 보고나면 책으로도 읽어봐야지 싶어지구요. 추천합니다.
인문,사피엔스,4,이미 너무 유명한 책이기도 한데..아직까지 읽어보지 못 해서...이번에는 읽어봐야 겠네요
인문,사피엔스,4,이 책을 읽음으로써 지적 수준이 한단계 업그레이드 됩니다...
인문,사피엔스,4,진짜 너무 궁금한 내용 꼭 읽어보면 좋을 것 같아요.
인문,사피엔스,4,"인류에 대해 교과서를 통해 핥듯이 배우지만, 잘 알지 못했던 우리의 과거를 알 수 있게 합니다. 다시 읽으면 그 정보의 세밀함을 키우는 것 같습니다. 종이책은 벽돌인데, 이북으로 소장할 수 있어 좋을 거 같습니다."
인문,사피엔스,4,어떤 내용들이 있을지 기대됩니다
인문,사피엔스,4,많이많이 읽으세요
인문,사피엔스,3,잘 봤어요
인문,사피엔스,4,인류의 역사를 해석하는 방식이 개인적으로 마음에 듭니다. 특히 종교와 이념에 대한 해석이 좋더라구요. 저자의 주장이 제 생각의 지평을 넓혀준 것 같아서 좋았습니다.
인문,사피엔스,4,놀라운 영감을 주는 책이다. 옮긴이의 말처럼 빅히스토리가 각광받는 이유는 새로운 문제의식을 제기하기 때문이다. 당연히 증거가 충분하지 않을 수 있고 반론의 여지가 많을 수 있지만 과학적으로 혹은 논리적으로 문제에 대한 답변을 시도하려는 노력이 이 책의 핵심이라는 옮긴다는 말에 깊이 공감한다. 일독을 권한다.
인문,사피엔스,4,호모사피엔스의 필독서 '사피엔스'
인문,사피엔스,4,우리의 모습을 스스로 되돌아 보는 책인거 같다. 우리가 무엇이고 어떻게 변화하고있는지 알게 해준다.
인문,사피엔스,4,많은걸 배우고 생각하게 만드는 책이네요. 좋아요...
인문,사피엔스,4,유발 하라리의 사피엔스는 인류 3부작의 대장정을 시작한 첫 권으로 인류 문명 인문 사회 생물 등의 다양한 학문을 접목시켜 인간에 대해 폭넓게 고찰하는 책입니다. 그의 통찰력을 통해 우리 인류의 미래를 예측해 볼 수 있기에 기대됩니다.
인문,사피엔스,4,정독정독해야 하는 책 생각도 많이 하면서...
인문,사피엔스,4,현대 사회를 살아가는데 과거를 뒤돌아보고 미래를 새로운 시각으로 제시하는 책. 아주 흥미로운 관점들의 향연
인문,사피엔스,4,재미 있어요
인문,사피엔스,4,유발 하라리 좋아해서 읽어보고 싶어요. 기대됩니당.
인문,사피엔스,4,"인류의 역사에 대한 비판적인 해석과 신기한 접근, 소름돋는 통찰력, 무지에 대한 엄청난 이해"
인문,사피엔스,4,덮고 바로 총균쇠 정독 ㄱㄱ
인문,사피엔스,4,방대한 양의 자료와 그걸 엮어내는 관점과 세계관. 질문으로 시작해서 질문으로 끝나는 것 같다. 그리고 더 많이 호기심을 자아내게 만든다. 뭔가 매우 아는 척 하고 싶을 때 유리한 책인 듯 하다. ㅎㅎㅎ
인문,사피엔스,4,죽기전에 꼭 한번 읽어봐야하는 책이라는 말이 이해가 됩니다
인문,사피엔스,3,유발 하라리 작가의 이름 유명세로 처음 책에 대한 관심을 가지게 되었고 책의 간략한 주제를 엿보고 인류를 새로운 시각으로 바라볼 수 있을 것이라는 기대를 했다. 생각보다 전체적인 책의 주제의식보다는 끝없는 '정의내리기'의 연속체를 읽는 듯한 느낌이 없지 않지만 그럼에도 새롭고 기발한 시각으로 기존의 대다수 사람들이 생각하던 호모 사피엔스를 해체하는 점에서 충분히 독서 가치가 있는 책이라고 생각한다.
인문,사피엔스,3,흥미롭게 일코 있습니다
인문,사피엔스,3,새롭다
인문,사피엔스,4,농업혁명을 비롯한 수많은 사실들에 대한 고정된 생각들에 대해 의심하고 새롭게 볼 수 있는 계기를 마련해줬음
인문,사피엔스,4,인류의 역사를 인지능력의 관점에서 쓴 책
인문,사피엔스,4,간략하게나마 인류의 역사를 잘 서술 하고 앞으로의 세상을 예측하려 하였다.
인문,사피엔스,4,흥미 있는 내용의 책입니다. 유발 하라리의 통찰이 빛났던 명작이네요~추천합니다.
인문,사피엔스,4,언어와 지능을 가진 사피엔스가 욕심으로 인해 다른 종들처럼 멸종될 수 있다라고 경고하는 책입니다
인문,사피엔스,4,듣던데로 명저입니다.
인문,사피엔스,4,이런 이야기를 어떻게 이렇게 재밌게 쓸 수 있을까?
인문,사피엔스,4,생각보다 깊이가 있고 난해해서 싶게 읽히지는 않지만 유익했습니다
인문,사피엔스,4,"괜히 베스트셀러인 게 아닌가 보다. 초반은 불편한 내용으로 가득했다. 하지만 마지막 장을 읽고 난 뒤에 든 생각은 저자의 대단한 지식과 생각, 그리고 그에 기대어 넓어진 나의 생각의 폭이다. 이 책을 보고 든 생각은 저자의 다른 책들도 읽어보고 싶다는 생각이다. 절로 그런 생각을 들게 만든 책이다."
인문,사피엔스,4,인간이 어떤 길을 걸어왔고 어떤 고민을 갖어야 하는지 방향을 제시해준 책이라서 뜻깊어요~
인문,사피엔스,4,재밌당
인문,사피엔스,4,2번 정독 필독서
인문,사피엔스,4,유익하고 재미있습니다.
인문,사피엔스,4,신을 만든 인간이 이졔는 신이 되고자 하는 기발하고 흥미로움으로 꽉찬 내용 기존 도서는 친척이 빌려가 돌려주지 않아 다시 읽고 싶어 e-book으로 다시 구매하였음
인문,사피엔스,4,올해 읽은 인류학 도서 중에서 단연코 가장 인상적이고 좋았습니다.
인문,사피엔스,4,유발 하라리의 <사피엔스>는 인류 3부작의 대장정을 시작한 첫 권으로 인류 문명 인문 사회 생물 등의 다양한 학문을 접목시켜 인간에 대해 폭넓게 고찰하는 책입니다. 그의 통찰력을 통해 우리 인류의 미래를 예측해 볼 수 있습니다. 그리고 리처드 도킨슨의 <만들어진 신>은 진화 생물학자인 리처드 도킨슨이 쓴 무신론 주장 서적이고 무신론의 텍스트북이라고 할 수 있습니다. 유신론자에게든 무신론자에게든 읽고 생각할 거리를 많이 던져주는 책입니다.
인문,사피엔스,4,이걸 읽은 독자라면 자연스레 총균쇠도 사게된다. 다만 총균쇠는 아직 E북이 없는데 겁나 두껍다 ㅠㅠ
인문,사피엔스,4,좋으책입니다.
인문,사피엔스,4,"우리가 살고 있는 이 세상에 대한 이해를 도와주는, 살면서 꼭 읽어봐야하는 책이라고 생각합니다."
인문,사피엔스,4,"인간-사피엔스 를 이해하는데 도움이 되었고, 작가의 통찰력에 놀랐습니다."
인문,사피엔스,4,현대를 사는 우리 인류가 사피엔스라는 하나의 종이라는 의견으로부터 여러 혁명을 거치면서 결과적으로 그 것이 우리의 행복에 어떤 영향을 주었는지에 대해 생각해 볼 수 있었던 흥미로운 기회였습니다.
인문,사피엔스,4,"과거, 지금, 미래을 보여주눈것 같네요. 지금 현재 과학이 많이 발달하고 앞으로 점점 더 발달해 생활에 편리함이 있지만 과연 그것이 좋을지... 이책을 읽으며 의미와 많은 생각이 있으것 같아요. 그래고 유명인들이 칭찬하인 매우 기대가 됩니다."
인문,사피엔스,4,"유발 하라리 교수의 인류 3부작 중 첫 번째 작품으로, 인류 문명의 초기부터 현재에 이르기까지... 인류사 모든 부분을 한 권의 책으로 요약한 작품이다. 이 책을 읽어보면, 왜 이 책이 세계 여러나라 사람들에게 극찬을 받는지. 왜 이 책이 베스트셀러가 되었는지를 단번에 알 수 있다."
인문,사피엔스,4,유발 하라리의 선경지명에 감탄할 뿐입니다.
인문,사피엔스,3,저자가 다소 결정론적인 입장에서 글을 서술한 곳에 있지만 우리가 예전에 알고 있던 지식과는 상반되거나 미처 생각지 못한 내용이 있어 흥미롭게 읽었다.
인문,사피엔스,4,전적으로 동의는 안하지만
인문,사피엔스,4,좋아요..
인문,사피엔스,4,잘 읽혀요.
인문,사피엔스,4,인간에 대한 다양한 역사 발전에 대하여 재미있게 저술되어 있고 앞으로 인간의 문화 기술발전에 어떻게 영향을 끼치는지 알 수 있는 것 같습니다.
인문,사피엔스,4,몇번은 더 읽어야 할 듯
인문,사피엔스,4,이시대의 필독서임
인문,사피엔스,4,역시 유발하라리 입니다
인문,사피엔스,4,세계를 이해하는데 더 넓은 관점 가질 수 있게 한 책 문장 하나하나에서 저자의 생각의 깊이와 통찰력이 높음 추천
인문,사피엔스,4,매우 흥미로운 책입니다
인문,사피엔스,4,새로운 시각을 갖게 해줘서 작가에게 감사드려요
인문,사피엔스,4,한번쯤 꼭 읽어볼만한 책.
인문,사피엔스,4,재밋다. 신기하다. 몇번 읽어봐야하루걱 같다
인문,사피엔스,4,이미 종이책 보유중이지만 전자책으로도 구매합니다 세상을 바라보는 눈이 넓어져서 좋아요
인문,사피엔스,3,세계사.역사.문화. 등 읽는 내내 강의하는 느낌이었어요!
인문,사피엔스,4,꼭 한번 읽어보고 생각해봐야하는 책
인문,사피엔스,4,앞으로 우리의 미래에 관해 생각해보게 해주는 책
인문,사피엔스,4,두번째 읽어요. 사피엔스의 진화는 양면성이 있음을 느끼고 우리 스스로 이젠 생태계 위에 있다 생각하지 말고 자연과 함께 가는 길을 걸었으면 해요
인문,사피엔스,4,좋은 책입니다. 빌려서 읽었는데... 계속 읽고 정독할라고 새로 샀어요.
인문,사피엔스,3,"새로운 시각으로 인류를 바라본다. 인지, 농업, 과학 혁명으로 지나왔던 발자취를 보고 미래를 도모하자. 한번 더 읽어봄직하다."
인문,사피엔스,4,세계관을 넓혀주네요
인문,사피엔스,4,명작중에 명작 인류의 역사를 다써놓은 책이라고 느껴짐 한번더 읽어볼 생각임
인문,사피엔스,3,세로운 인류관을 ㄲ닫게 하는 책입니다
인문,사피엔스,4,종이책 있는데도 이북으로도 또 샀어요...
인문,사피엔스,4,이책은 사피엔스라는 단어의 정의를 시작으로 호모 사피엔스라고 불리는 인류진화의 역사를 통찰력 있게 유발 하라리 방식으로 전개하고 예측할수 없는 미래에 대한 질문을 마지막으로 행복을 언급하고 있습니다. 사피엔스족이 살아남을수 있었던 이유였던 인지혁명과 더불어 그로인한 상상력과 창조능력이 다른 호모족과 달라 과학에 매진함과 동시에 발전을 이루고 신을 넘어서기 위해 끊임없이 노력하고 있다고 서술하고 있습니다. 이 책을 읽으면서 엄청난 인류역사에 관한 지식을 알기쉽고도 자연스럽게 습득할수 있어 좋았습니다. 인간의 앞으로의 미래에 대해 한번쯤 뒤돌아 보고 생각할수 있는 기회도 생긴것 같아 흥미로웠어요. 추천해요.
인문,사피엔스,4,새로운 관점에서 인간을 논한 책으로 신선한 사고의 전환을 갖게 해요.
인문,사피엔스,4,인류에 대한 새로운 시각을 보여주네요
인문,사피엔스,4,종이책으로 읽었었는데 ebook으로도 소장하고 싶어서 구매했어요
인문,사피엔스,4,페이스북 창업자 마크 저커버스나 다양한 분야의 명사들이 추천하고 전 세계적으로 베스트셀러가 된 책이라니 기대됩니다.
인문,사피엔스,4,호모 사피엔스의 역사에 대해서 써내려간 책. 인간에 대한 새로운 시각을 가질 수 있게 해주네요.
인문,사피엔스,4,두번 세번은 읽어봐야 하는 책. 사고의 확장에 도움이 됨
인문,사피엔스,4,살면서 한번쯤 따라가볼만한 거대한 통찰
인문,사피엔스,4,빅히스토리. 거대한 역사의 흐름을 다양한 과학적 증거로 풀어가는 것이 참으로 신선하고 흥미롭다. 새로운 질문과 관점을 형성할 수 있었다.
인문,사피엔스,4,기발. 잘 읽힘.
인문,사피엔스,4,길고 어렵고 지루할수 있는 내용이지만 중간중간 꼬리에 꼬리를 물게하는 브레인 스토밍을 할 수 있게 해준다. 내용이 방대하여 다시 여러번 읽으면서 생각을 더 해보고 싶다. 조심할점은 이것이 곳 답은 아니라는거다 옮긴이의 말저럼 새로운 질문을 흥미롭게 보는것에 의의를 두어야 할것같다.
인문,사피엔스,4,인간이란 무엇인지 다시 한 번 살펴볼 수 있었던 책.
인문,사피엔스,4,머리가 커지는 느낌!
인문,사피엔스,4,인간이란 무엇을 원하는가?
인문,사피엔스,4,인류의 .자산입니다
인문,사피엔스,4,두번은 정독해야 할 도서
인문,사피엔스,4,믿고. 봅니다
인문,사피엔스,4,사피엔스의 진화가 인류에게는 결코 행복이 아니었고 결국은 신을 창조하는 길로 가면서 사피엔스의 멸망을 가져오지 않을까 하는 걱정이다. 인간의 끝없는 욕망이 미래에 어떤 결과를 가져올지 걱정이다
인문,사피엔스,4,지식의 향연
인문,사피엔스,4,곳곳에 유머코드가 있고 흥미로운 내용이라 부담스러운 주제와 분량임에도 비교적 술술 읽힌 편.
인문,사피엔스,4,"머나먼 인류의 역사부터 미래의 사이보그까지 그의 통찰력있는 식견으로 설명하고 있어 한장 한장 정독하며 읽게 되는 책입니다. 인지혁명, 농업혁명, 과학혁명 이 세가지 혁명이 인류의 역사에 어떤 지대한 영향을 미쳤는지, 또 이를 통해 인류가 어떻게 변화하게 되었는지 읽고 있으면 인류 역사의 경이로움에 빠지게 됩니다."
인문,사피엔스,4,질문이 다르다
인문,사피엔스,4,무엇을 원하는가 진정 우리는
인문,사피엔스,4,저자의 통찰력 있는 글을 통해 사고력을 확장할 수 있는 기회가 될 것 같아 기대됩니다.
인문,사피엔스,4,내용이정말재밋습니다
인문,사피엔스,4,인류의 역사를 한 권의 책으로 살펴볼 수 있는 책
인문,사피엔스,4,인류에 대해 처음부터 지금까지 고찰해 볼 수 있는 기회입니다
인문,사피엔스,4,과거의 인류의 근원을 헤아릴 뿐만아니라 미래의 인류가 당도할 모습도 내다본다
인문,사피엔스,4,다양한 학문의 경계를 넘나들며 인간이라는 존재의 기원을 중심으로 궁구하는 놀라운 책
인문,사피엔스,4,인류학에 기반하여 인간의 근원을 뿌리까지 파헤치는 통찰력이 돋보입니다
인문,사피엔스,4,인류의 역사와 미래에 대해서 생각해볼 수 있는 의미있는 시간을 보낼 수 있어 좋았어요.
인문,사피엔스,4,인류의 탄생부터 미래에 관한 이야기까지 다양한 분야의 지식과 저자의 깊이 있는 통찰력이 인상적인 책이라 추천해요.
인문,사피엔스,4,"유발 하라리의 놀라운 통찰력, 감탄하며 읽고 종이책을 또 샀네요.. 아직도 못 읽어본 분이 계시다면 꼭!! 권해드리고 싶네요"
인문,사피엔스,4,유발 하라리의 통찰력이 돋보이는 사피엔스.
인문,사피엔스,4,클로버리뷰수 대박
인문,사피엔스,4,역사의 근원과 향후 미래에 대해 조금이나마 알 수 있는 좋은 시간이네요
인문,사피엔스,4,우리의 역사와 미래를 알 수 있는 좋은 시간이 되었습니다. 기대한만큼 재미있습니다.
인문,사피엔스,4,문화인류학 전공자로서 무척 흥미로웠다 . 인류에 대한 심도있는 고찰.
인문,사피엔스,4,갓 유발 하라리
인문,사피엔스,4,책이 두꺼운데도 불구하고 술술 읽히는 마법같은 책!! 정말 인류 역사에 대해 하나도 몰랐는데 따분하고 어려울수 있는 분야가 쉽게 풀어져있어서 진짜 재미읽게 읽었어요!! 클로버 4개도 부족합니다!! ㅠㅠ
인문,사피엔스,4,"요즘 같은 시대에 가장 필요한 책입니다. 많은 생각을 하게 해주고, 흥미로운 지점도 많습니다."
인문,사피엔스,4,사피엔스..쉬운 내용은 아니지만 인간의 역사와 미래에 대한 거대한 흐름을 보여주고 있어요..한 사람의 개인이 아닌 인류 전체를 바라보는 시각을 갖고 과거와 미래를 바라보는 일은 참 대단한 것 같습니다..거대한 시간의 흐름과 함께 걸어가는 인류의 모습을 객관적인 시각으로 볼 수 있는 기회가 되어 좋았습니다.
인문,사피엔스,4,인류가 어떻게 진화해왔고 앞으로 어떻게 발전해야하는지에 대해서 인문학 분야의 책 중에서 가장 잘 쓰여진 책이라고 생각합니다. 처음에는 다소 내용이 어려울수도 있지만 한번 인류의 미래에 대해서 함께 고민해볼 시간을 가질 수 있어 추천합니다
인문,사피엔스,3,저자의 흥미로운 관점과 통찰력은 많은 영감과 크고 작은 깨달음을 주었음. 시간을 투자하여 정독할 만한 책.
인문,사피엔스,3,상식을 기르는 독창적 내용입니다.
인문,사피엔스,4,반드시 알고 이해해야할 내용들
인문,사피엔스,1,"인류가 연구 되어온 사실을 알기에 나쁘지 않으나, 쉽게 지루해진다."
인문,사피엔스,4,사피엔스의 빅히스토리 그리고 미래의 인류상
인문,사피엔스,4,유발하라리 - 정말 대단하다. 읽을 수록 감탄...
인문,사피엔스,3,추천받아서 읽고있는데 재밋어요 ㅋㅋ
인문,사피엔스,4,"인류가 멸종할 것인지, 더 나은 진보를 이룩할 것인지, 어떤 것에 방점을 두고 어떤 미래를 만들 것인지에 대해 고민하게 만드는 책입니다"
인문,사피엔스,4,유발 하라리 실망을 않시켜주는 책이예요
인문,사피엔스,1,벵갈대기근은 잘못된 정책이아니라 처칠이 저지른 고의적 홀로코스트였음에도 불구하고 책에는 정책탓으로 돌리고있다. 이외에도 전체적인 책내용이 제국주의적인 면도 많고 학자라기보다 동네 아저씨가 해주는 진부한 역사이야기에 가까웠다. 촘스키의 책을 읽는게 훨씬 더 도움이 될거라고 생각한다.
인문,사피엔스,4,ㅇㅇㅇ
인문,사피엔스,1,나를 겸손하게 만들어 준다.
인문,사피엔스,4,"이런 분야의 서적이 최근 많이들 나오고 있는데, 그중에서 가장 유명하고, 잘 쓰여진 책이 아닐까 생각합니다. 정말 인류에 대한 다양한 생각을 접할수 있고, 이책을 쓴 저자의 역량을 잘 느낄수 있습니다."
인문,사피엔스,3,처음에는 어렵다는 생각을 했지만 의식의 흐름대로 읽다보니까 잘 읽혀졌습니다. 생물학과 역사를 통하여 인생의 존재에 대해 생각해볼 수 있었던 계기가 되었습니다.
인문,사피엔스,4,재미있게 본 편이에요.
인문,사피엔스,4,어떤 부분은 별로지만 생각보다 흥미진진.
인문,사피엔스,4,과거 현재 미래를 이처럼 통찰할 수 있나..현대판 바이블이다
인문,사피엔스,4,"오랜만에 감탄한 책. 소설처럼 읽히는 건 작가의 풍부한 상상력에 의한 전개 , 그러나 사회과학 서적같은 느낌을 받는 것은 고개를 끄덕일 수 밖에 없는 논리적 전개와 풍부한 예시."
인문,사피엔스,1,호모사피엔스는 무엇에도 구애받을 이유없는 스페셜한 존재이다
인문,사피엔스,4,방대한 이야기지만빠르게 읽힙니다
인문,사피엔스,4,어렵기도 하지만 인류에 대해 알게 해줍니다. 여러번 읽어야 할꺼 같아요
인문,사피엔스,4,인간의 발전에 대한 또다른 시각을 보여줍니다. 소름끼치는 통찰력이에요
인문,사피엔스,4,보고싶었던 책이에요
인문,사피엔스,4,잘봤어요!
인문,사피엔스,3,책 자체는 좋은데 이북으로 보는 것보다는 종이책이 읽는게 더 좋을 것 같네요.
인문,사피엔스,4,젠체적인 새로운 시각을 제시
인문,사피엔스,4,새로운 시각의 빅히스토리. 인류 전체의 걸음을 조명해본다. 생물학 과학 신학을 아우르는 방대한 역사. 하지만 잘읽힌다. 원문도 번역도 훌륭한듯
인문,사피엔스,4,새로운 시각의 빅히스토리. 인류의 모든 걸음을 새롭게 조명해본다.
인문,사피엔스,4,좋아요. 많은 공부가 됩니다
인문,사피엔스,4,대작이네요 저자의 통찰력에 감탄할뿐
인문,사피엔스,4,좋네용
인문,사피엔스,4,대여로 저렴하게 구입해서 좋아요
인문,사피엔스,4,이북으로 읽어 볼 수 있어서 좋았습니다.
인문,사피엔스,4,많은 사람들이 선택한 책은 역시 그만한 이유가 있다. 단지 오늘만을 살지 않고 먼 내일를 향해 나아가려는 사람이라면 누구나 읽어야 한다고 생각되는 책이다. 미래를 내다보려는 시도는 누구나 하지만 유발 하라리의 이 책은 그런 시도를 넘어서는 날카로운 통찰력을 보여줬다.
인문,사피엔스,4,유발 하리리.. 그의 엄청난 통찰력에 박수를 보냅니다.
인문,사피엔스,4,방대한 이야기를 무척 읽기 쉽게 또 흥미롭게 풀어낸 것만으로 인상적이었습니다.
인문,사피엔스,1,"인간이라는, 나라는 존재 가치에에 대해서 그동안 바라봤던 시각, 전혀 생각 조차도 없었던 자각. 이제는 뭔가 생각해야한다는 필요성을 일깨워준 책이다."
인문,사피엔스,4,많은 것을 생각하게 하는 인문서적이네요. 반드시 저자에 공감하는 것보다 비판적으로 읽어보는 것도 큰재미일 것 같습니다 ㅎ
인문,사피엔스,4,꼭 읽어 보고 싶은 책입니다. 재미있게 읽겠습니다.
인문,사피엔스,4,그의 생각의 덩어리는 읽는이로 하여금 각자의 인식속에 새로운 영역을 만들어주며 세계를 재구성하여 추론하는 재미를 갖게 해준다.
인문,사피엔스,4,인류 문명의 역사를 객관적으로 풀어 준 것 같아요..현재의 모습과 미래에 대한 모습까지 예측하는데 도움을 줄 수 있도록..쉬운 내용은 아니지만 한 번 쯤은 읽어봐야할 책인 것 같아요..
인문,사피엔스,4,아주 재미있게 읽었습니다. 저자가 영감을 받았다던 총 균 쇠도 읽어 보고 싶네요.
인문,사피엔스,4,"지배자가 아니라, 인류 구성원의 역사. 평소 역사를 공부하지 않던 분들에게 더욱 권장합니다"
인문,사피엔스,4,"인류가 지금까지 이루어온 문명의 역사를 객관적이고 비판적인 시각으로 바라보고 있는 내용이 아주 인상적이네요. ""인간의 역사와 미래에 대한 가장 논쟁적이고 대담한 대서사""라는 책 소개 문구 답게 방대한 지식과 함께 많은 생각할 거리를 제공해 주는 책인 것 같습니다. 지적 충만감을 채울 수 있는 동시에 지적 재미를 충분히 느낄 수 있는 책이라 생각합니다."
인문,사피엔스,4,인류의 역사와 발전과정에 대한 저자의 냉정한 시각이 돋보이는 책이라 생각합니다. 인류 문명의 역사를 되돌아보고 앞으로 인류가 어떠한 방향으로 나아갈 지에 대한 통찰을 제공해 주고 있어서 아주 좋습니다. 이 시대를 대표하는 반드시 읽어봐야 할 필수 교양서라 할 수 있을 것 같네요.
인문,사피엔스,4,흥미로운 책. 좋아요!
인문,사피엔스,4,평소에 생각해보지 못한 시각으로 인류역사를 이해하고 현재의 상황을 해석하고 미래를 예측하게 하는 점이 재미있고 흥미롭다
인문,사피엔스,4,나늘 이해하는 책
인문,사피엔스,4,생각을 전환시켜주네요
인문,사피엔스,4,편견을 깨는 책
인문,사피엔스,4,어려운 내용이지만 꼭 읽어볼 필요가 있습니다.
인문,사피엔스,4,정독했어요.
인문,사피엔스,4,잘 읽었습니다~
인문,사피엔스,4,베스트셀러인 이유가 있는 책입니다.
인문,사피엔스,4,재밌어요.
인문,사피엔스,4,역시 좋았어요 재밌네요
인문,사피엔스,4,평이 좋은 이유가 있네요
인문,사피엔스,3,기대가 되는 책입니다!
인문,사피엔스,2,"인간의 과거, 현재,미래를 다루는 인문서적이네요. 몰랐던 내용 많아서 재밌었어요."
인문,사피엔스,4,역시 좋아요.
인문,사피엔스,4,인상적입니다만 몇몇 부분은 좀.
인문,사피엔스,4,"호모사피엔스의 근원과 진화, 그리고 그들이 이룩한 문명에 대해 광범위한 지식을 근거로 분석한 책. 사피엔스를 둘러싼 지식의 조각을 일목요연하게 정리한 저자의 통찰력이 놀랍다"
인문,사피엔스,3,발상이 재미있네요 후속편이 기대됩니다
인문,사피엔스,4,"'왜?'라는 질문없이 무조건 따랐던 이념들과 관습들...그런 맹목적인 수용 뒤에 감당해야 했던 모순들, 의문들, 그리고 답답함들...그 모든 것에서 벗어나 자유로워질 수 있게 도와준 책이었습니다. 종교에 대한 통찰은 신선했습니다. 타인의 종교와 그들의 선택을 비난하는 것이 될 수도 있어서 조심스럽지만, 소신있게 말할 수 있게 되었습니다...'내게는 종교가 아니라 지혜가 필요해'라고. 인간의 의식으로 쌓아올린 문명에...이렇게 찬란한 시기에 이렇게 평화롭게 문명의 혜택을 누리며 살아볼 수 있는 토대를 마련해 주신 선조들의 희생에...두루 감사하는 마음이 생긴 것도 저자 덕분입니다. 그래도 여전히 질문은 남습니다. ""그래서, 호모사피엔스인 나는 어떻게 살아야할 것인가?"""
인문,사피엔스,4,사피엔스는 어떻게 세상의 지배자가 되었는가..
인문,사피엔스,4,인간이 신이될때 역사는 끝난다.
인문,사피엔스,4,유명한 책이라 일단 구입했어요
인문,사피엔스,4,끝까지 읽었네요. 추천
인문,사피엔스,4,유명해서 구매했어요. 얼른 봐야죠.
인문,사피엔스,4,좋아요. 좀 어렵지만.
인문,사피엔스,4,저렴하게 사서 좋아요.
인문,사피엔스,4,얼어붙은. 내. 사고의. 표면을. 도끼로 내려치는. 듯. 충격을. 주는. 책이다.
인문,사피엔스,3,유명해서 구매했어요 아직 3/1밖에 못읽음ㅋㅋㅋ
인문,사피엔스,4,유익해요~~
인문,사피엔스,4,행사기간에 저렴히 사서 아주 좋아요^^
인문,사피엔스,4,좋았습니다
인문,사피엔스,3,흥미롭게 읽었어요...
인문,사피엔스,4,흥미로운 글 잘 읽었습니다.
인문,사피엔스,4,좋은 책이네요~~
인문,사피엔스,4,사피엔스 기대됩니다.
인문,사피엔스,4,작가 믿고 산 책이네요~^^
인문,사피엔스,3,책 잘 읽었습니다~
인문,사피엔스,4,내용이 신선합니다
인문,사피엔스,4,지금까지 이렇게 인간을 잘 연구했던 작가가 있을까. 보면 볼 수록 최고의 인문학 책이라는 생각을 떨칠 수 없다.
인문,사피엔스,4,우리 종의 역사와 특성에 대하여. 현재 우리 종은 어떤 상황에 있는지.
인문,사피엔스,4,잘 닦인 길을 여유있게 걸어가며 풍경을 느끼는 기분으로 읽어나간다 어렵다기 보다 즐거우며 난해가 아닌 이해로 기원을 향해 한발 한발 딛어간다
인문,사피엔스,4,"나 ,너, 우리 , 사피언스의 역사 란."
인문,사피엔스,4,재밌겠네요 잘 볼게요
인문,사피엔스,4,미쳐 생각하지 못했던 내용들로 읽는내내 흥미로웠다
인문,사피엔스,4,어려은 주제라 읽기 힘들꺼 같지만 잘 쓰여져서 생각보다 잘 읽힙니다. 저자의 넓은 시각에서 많이 배우는거 같네요
인문,사피엔스,4,저는 선뜻 손이 가지 않는 책인데 막상 읽다보니 재밌네요^^
인문,사피엔스,4,과거를 돌아보게 하는 책이네요
인문,사피엔스,4,좋네요
인문,사피엔스,3,많은 것들의 결과물
인문,사피엔스,4,역시 기대되는 책이네요
인문,사피엔스,4,이번에도 기대되는 유발 히라리 작가님입니다.
인문,사피엔스,4,어렵다 어려워
인문,사피엔스,3,어렵지만 한번쯤은 생각해볼 수 있는 문제들
인문,사피엔스,4,어려운 내용이지만 유용해요..인간이 어떤 삶을 살아갔는지 생각해보게 되요..
인문,사피엔스,4,인류의 역사에 대해 한권으로 끝낼 수 있습니다. 한국사 세계사에 관심이 많은데 인류에 대해 배울 수 있는 좋은 책이었습니다.
인문,사피엔스,4,사람이란... 인간이란 무엇인가를 새로운 관점에서 생각해 볼 수 있었던 책입니다 제국주의에 괸한 생각은 좀 거부감이 들기도 했지만 전체적으로 신선한 느낌의 책이었습니다. 추천!
인문,사피엔스,4,내용이 방대하여 완독하는 데 거의 2달이 소요된 책이다. 저자인 유발 하라리의 지식의 방대함과 편향되지 않은 분석이 공감되었고 인류에 대한 이해에 많은 도움이 되었다. 내용 중 예시들은 기억해 두면 유용한 상식이 되어 대화의 소재로 삼기에도 적절하다. 적극 추천한다.
인문,사피엔스,4,사피엔스가 신이 될수 있을까?
인문,사피엔스,4,사피엔스 흥미롭게 잘읽었습니다.
인문,사피엔스,3,"별로 좋아하지 않는 스타일의 도서지만, 왜 좋은 평가를 받는지는 알겠어요."
인문,사피엔스,5,재밌고 유익하고. 페이지가 많지만 읽는 의미가 있어요.
인문,사피엔스,5,추천평이 좋아서 소장용으로 구매하게되었습니다~
인문,사피엔스,5,꼭 읽어볼만한 책
인문,사피엔스,5,처음부터 재밌지만 끝까지 재밌다
인문,사피엔스,3,두껍다...
인문,사피엔스,5,21세기 고전이라고 불러도 손색 없는 책
인문,사피엔스,5,작가의 깊이 있는 지식에 압도 당함. 역작으로 소장 가치가 충분한 책.
인문,사피엔스,5,와우 두께가...
인문,사피엔스,5,역사인지 과학인지 알송당송한 역사지만 정말 다양한 관점으로 볼 수 있어 너무 재미있다.
인문,사피엔스,5,현대 인류의 발전 이유와 신기한 진화 방식을 기대 이상으로 잘 나타내준 책.
인문,사피엔스,5,명성만큼 재미있기를 기대합니다.
인문,사피엔스,5,두께가 상당해서 첨에는 시작하기 두려우나 읽기 시작하면 재밌어요!! 추천합니다!!
인문,사피엔스,5,너무 재밌게 읽은책
인문,사피엔스,5,서점에서 잠깐 읽고 매력이 있어서 구매했어요 진짜 재미있고 좋은책이네요
인문,사피엔스,5,유명한데는 이유가 있구나
인문,사피엔스,5,"인간 존재 자체와 문화, 제도 등에 대해 근본적인 의문을 제기하는 책"
인문,사피엔스,5,인류사에 대한 나의 관심에 맞춤한 책!!
인문,사피엔스,4,흥미로운 이야기 추천합니다.
인문,사피엔스,4,좋은 책 감사합니다.
인문,사피엔스,5,잘 봤습니다~
인문,사피엔스,5,"명불허전, 친구한테 선물로 하기 좋습니다."
인문,사피엔스,5,^^
인문,사피엔스,5,인간 역사에 대한 예리한 통찰력과 새로운 관점을 보여주는 책
인문,사피엔스,5,"전부 동의하지는 않지만, 새로운 시선, 생각할 무언가를 남겨줌"
인문,사피엔스,5,왜 이 책이 유명한지 알 수 있었다
인문,사피엔스,4,잘 읽었습니다
인문,사피엔스,5,우린 어디서 왔나?
인문,사피엔스,5,여러번 정독해도 깨닫는내용이 매번 많은 책이다
인문,사피엔스,5,잘 읽었네요. 괜찮은 책 입니다.
인문,사피엔스,5,흥미로운 의견..
인문,사피엔스,5,쭉 읽기만 했는데 이번엔 정독해야겠어요
인문,사피엔스,5,최 고
인문,사피엔스,5,다시한번정독합니다 감사합니다
인문,사피엔스,5,읽는 내내 정말 흥미로웠던 책!
인문,사피엔스,5,잘봤습니다.
인문,사피엔스,5,두꺼운책
인문,사피엔스,5,아이가 좋아해요
인문,사피엔스,4,여러가지 새로운 사실들을 알게 되어서 꽤 흥미있게 읽었어요.
인문,사피엔스,5,도서관에서 읽고 소장하고싶어 바로 샀어요.
인문,사피엔스,4,지인 추천책인데 부담스럽네요
인문,사피엔스,4,재미있게 잘 읽었습니다.
인문,사피엔스,5,쉽고 재미있어요
인문,사피엔스,5,인간의 역사에대해 알게되어좋았다
인문,사피엔스,5,흥미롭네요
인문,사피엔스,5,정말 좋아요
인문,사피엔스,5,권장이 아니라 필독서.
인문,사피엔스,5,두꺼워서 부담스러웠는데 술술 잘 읽혀요 살면서 막연히 궁금했던 모든것들의 의문이 풀리는 책
인문,사피엔스,5,어렵게읽었는데..현인류의역사를알게되어서든든한느낌~
인문,사피엔스,5,인류 역사에 대한 설명서!
인문,사피엔스,5,아이들과 읽으려고 구입했어요. 기대됩니다.
인문,사피엔스,5,인류의 시작과 진화 미래를 밝히는 책
인문,사피엔스,5,어렵지만 재미있어서 책선물도했습니다
인문,사피엔스,1,번역 정말 엉망이다.... ㅠㅠ 이런 번역을 이해했다고? 다들 외국살다왔나....참 어이가
인문,사피엔스,5,이렇게나 멋지게 쓰인 글엔 감사할 수밖에 없다. 너무나 많은 걸 배웠다.
인문,사피엔스,5,"두꺼운 책이라서 다 읽을수 있을까 고민했는데, 근 3개월동안 보다보니 다 봐졌다 ㅎㅎ"
인문,사피엔스,5,무척 기대가됩니다 잘 볼게요
인문,사피엔스,4,기대됩니다!!!
인문,사피엔스,5,두꺼워도 흥미롭게 잘 읽을 수 있어요.
인문,사피엔스,5,기대가 큽니다. 소장가치있어요.
인문,사피엔스,5,유익하고 재밌다
인문,사피엔스,5,읽고 소장하고 싶어 따로 구매한 책! 추천해요
인문,사피엔스,4,어렵지만 퐈이아
인문,사피엔스,5,재미있어요.
인문,사피엔스,5,읽기전인데 언제읽을까 고민되요 ㅎ 어려워보여서
인문,사피엔스,5,잘 읽을게요!
인문,사피엔스,5,너무 흥미롭게 봤다.
인문,사피엔스,5,도서관에서 대출하여 이미 읽은 책이나 소장하고 싶어 주문했습니다
인문,사피엔스,5,아이가 흥미를 느끼는 책
인문,사피엔스,5,흥미롭게 잘 읽었습니다.
인문,사피엔스,5,잘 읽혀요! 인류학에 대한 호기심이 어느정도 해소됩니다
인문,사피엔스,5,책을 또 구입해서 선물로 지인에게 주었습니다~ 꼭읽어야할책!
인문,사피엔스,5,"아직 읽진 않았지만, 흥미로울 거 같아요"
인문,사피엔스,4,몇몇 내용은 충격적으로 놀랍다
인문,사피엔스,5,폰만 보던 나를 독서의 세계로 이끈 책이다.
인문,사피엔스,5,좋은책이에요 딸아이가좋아합니다
인문,사피엔스,4,베스트셀러 추천
인문,사피엔스,5,결국은 구매한 책
인문,사피엔스,5,잘 팔리는 책이 꼭 좋은 책은 아니지만... 이 책은 정말 좋은 책이다.
인문,사피엔스,5,필독서래서 삼
인문,사피엔스,5,인류역사를 고찰하고 미래를 거대시각에서 예측함을 지켜봄
인문,사피엔스,5,두껍지만 내용이 흥미로워 몰입하게 되네요
인문,사피엔스,5,흥미로워요!!
인문,사피엔스,5,너무 재밌어요ㅠ
인문,사피엔스,5,추천도서여서 구매했는데 정말 잘 읽었습니다.
인문,사피엔스,4,기본 인문학 책이라고 평이 좋아 구매했습니다~~^^
인문,사피엔스,5,기본인문학 종의역사
인문,사피엔스,5,잘보겠습니다
인문,사피엔스,4,나이들어 느끼게 되는 인간의 존재와 의문점들에 대하여..
인문,사피엔스,4,인간의 진화에 따른 발전상을 알기쉽게 풀이해준 책
인문,사피엔스,5,추천도서로 구매했습니다.
인문,사피엔스,5,세계를 보는 다른 관점을 갖게 해주는 책 . 매일 흥미롭고 재미있까지해서 꼭 읽어볼만한 책
인문,사피엔스,5,저자의 통찰력에 내내 감탄하며 읽었습니다
인문,사피엔스,5,도전해볼게요
인문,사피엔스,4,인식의 범위를 넓히게 해준 책..
인문,사피엔스,5,사피엔스의 시각으로 바라보는 인류사가 아닌 지구의 눈으로 바라보는 지구 역사속의 사피엔스~
인문,사피엔스,5,유하라 멋지다. 이걸 읽은 나는 더 멋지다
인문,사피엔스,4,"무릎을 탁 치게 한 책, 신선한 발상에 재미가 배가되었다."
인문,사피엔스,5,좋은 인문학책
인문,사피엔스,5,역시 인문학 교양서 하면 사피엔스이지요.
인문,사피엔스,5,개인적으로 살면서 궁금했던 부분들이 담겨 있는 책이라 더 재밌게 봄
인문,사피엔스,5,역사와 인간에 대해 다시한번 생각해보게 하였다.
인문,사피엔스,4,잘 읽어봤어요
인문,사피엔스,5,"사피엔스, 왜 인류가 대단한 지 그 역사를 들여다 볼 수 있는 책"
인문,사피엔스,5,쉽진 않네요ㅠㅠ 근데 배울 건 많ㅇㅏ요
인문,사피엔스,4,소장용으로 구매했어요~
인문,사피엔스,5,재밌어요~
인문,사피엔스,5,시간을 오래 갖고 보실 추천해요ㅠㅠ어려움
인문,사피엔스,5,연말연휴때 읽으려고 구매하였습니다. 시간 가는줄 모르겠어요
인문,사피엔스,5,예전부터 보고 싶었던 책이었는데 이제야 보네요 잘봤습니다
인문,사피엔스,4,읽는데 시간이 걸렸지만 유익했습니다
인문,사피엔스,5,기대되네요!
인문,사피엔스,4,조카가 방학동안 읽고 남다른 새로운 시각으로 중학교에 입학하길 바라는 마음입니다
인문,사피엔스,5,유발 하라리 교수의 날카로운 통찰이 엿보이는 명저입니다
인문,사피엔스,5,아버지 크리스마스 선물로 샀어요 좋아하시네요^^
인문,사피엔스,4,두껍지만 읽을만한 책
인문,사피엔스,4,주위에서 많이 추천해서 구입했습니다
인문,사피엔스,5,"믿고 보는 유발 하라리 책, 그중에 단연 압권입니다"
인문,사피엔스,5,기대됩니다. ^^
인문,사피엔스,5,인간사를이해할수있는책
인문,사피엔스,5,총균쇠에 이어서 문명사를 알 수 있는 책.
인문,사피엔스,4,좋은 책입니다.
인문,사피엔스,5,많은 도움이 되었습니다
인문,사피엔스,5,"무엇보다 종이재질과 폰트, 칼라인쇄가 맘에들어요. 눈이 덜 피로하게 즐겁게 읽을 수 읽었습"
인문,사피엔스,5,쉽고 재미 있습니다
인문,사피엔스,5,한번 읽기로 끝이 아닌 두번 읽어 지식을 얻을수 있는 도서
인문,사피엔스,5,머릿속을 지식으로 채우고 싶어서 구매 삽화들이 있어서 재밌을거 같다 인내를 갖고 도전
인문,사피엔스,5,독서를 위한 책이면서 소장을 위한 책
인문,사피엔스,5,총균쇠에 잇는 또다른 거대한 역사책
인문,사피엔스,5,나는 영어판으로 읽었지만 딸아이를 위해서 한국어판을 또 사게 되었다.
인문,사피엔스,4,베스트셀러로 치부하고 지나치기엔 아쉬운 책
인문,사피엔스,5,사회생활에서 인간의 기본 행동 양식에 대한 이해를 준다. 고기에 대한 애착을 높인다.
인문,사피엔스,4,읽고 또 읽게 되네요~
인문,사피엔스,5,소장해야 하는 책입니다
인문,사피엔스,5,이 책의 반전 매력은 우리 역시를 설명하고 있다.
인문,사피엔스,5,추천받아서 구입완료! 기대기대합니다!
인문,사피엔스,5,괜히 베스트셀러가 아닌거 같아요^^
인문,사피엔스,5,필독독서입니다 최고중에 최고^^
인문,사피엔스,5,논술학원 교재로 구입했어요. 만족합니다
인문,사피엔스,5,인류 필독서
인문,사피엔스,5,너무 좋음
인문,사피엔스,5,좋은책입니다. 추천합니다.
인문,사피엔스,3,호모가 접미로 붙은 단어를 이해하고 싶어 샀습니다.
인문,사피엔스,4,새로운 관점을 제시하는 책입니다. 농업 혁명은 비극에 시작 ㅋㅋ 잘 넘어갑니다.
인문,사피엔스,3,좋았어요
인문,사피엔스,5,정말 읽고 싶던 책인데 이제야 읽게됐네요~ 흥미진진합니다
인문,사피엔스,5,정말 좋은 책
인문,사피엔스,5,흥미롭고 술술 읽힘
인문,사피엔스,5,재미있습니다 의지를 가지고 읽어봐야 합니다
인문,사피엔스,5,이 유명한책을 이제야 보게되네요~~^^
인문,사피엔스,5,생각날 때마다 꺼내서 보는 책. 평생 두고두고 읽을만한 몇 안되는 책!!!
인문,사피엔스,4,천천히 읽어볼 책입니다
인문,사피엔스,5,기대한만큼 흥미롭습니다
인문,사피엔스,5,아직 안 읽어봐서 모르겠슴.
인문,사피엔스,5,어렵지만 유익
인문,사피엔스,5,인간의 과거와 현재 그리고 미래를 알 수 있게 해 준다.
인문,사피엔스,5,유발 하라리의 깊은 통찰을 느낄 수 있는 책이다
인문,사피엔스,5,두루두루 의미 있고 배운다는 느낌이 많은 책이네요
인문,사피엔스,5,공부하면서 알게되고 잼있는 책이 몇권이나 될까요? 인간의 시작과 현재의 나를 알게되는 책
인문,사피엔스,5,어려운 부분도 있지만 여러번 읽고 싶은 책입니다.
인문,사피엔스,5,"인간이 신을 발명할 때 역사는 시작되었고, 인간이 신이 될 때 역사는 끝날 것이다."
인문,사피엔스,5,인생 필독서!
인문,사피엔스,5,이 책 덕에 벽돌책이란 걸 완독해보네요 재밌어요
인문,사피엔스,5,"읽어야할 책인걸 알면서 설민석 선생님 강독 후 구입했어요. 다른 시각, 다른 접근."
인문,사피엔스,5,꼭 읽어야할 책!
인문,사피엔스,5,10년에 한번 나올까말까하는 명저 강추합니다.
인문,사피엔스,5,학원선생님 추찬으로 구매했어요
인문,사피엔스,5,학원에서 필요해서 구입했는데 좋아요
인문,사피엔스,5,현재 우리 인간의 과거와 현재 그리고 미래를 알고자 하는 분들에게 추천합니다.
인문,사피엔스,5,어렵지만 읽으면서 너무나 유익했던 책.... 강추
인문,사피엔스,5,"엄청난 두께, 방대한 범위, 하지만 잘 읽히고 이해됨."
인문,사피엔스,5,유발 하라리 그는 정말 뛰어난 사고력의 소유자. 이 시대에 맞는 지식인.
인문,사피엔스,5,여러가지를 아우르는 멋진 통찰력
인문,사피엔스,5,벽돌책의 두려움도 잊고 재밌게 읽었어요
인문,사피엔스,5,흥미롭다가 말다가 반복하는 책 ..!
인문,사피엔스,5,잘 읽히고 재밌어요!
인문,사피엔스,4,재미난 다큐를 시간가는지 모르고 본기분 ... 재미있습니다
인문,사피엔스,5,외계엔이 본 인류역사 같음
인문,사피엔스,5,인류역사에 대한 최고의 통찰~
인문,사피엔스,4,‘유인원에서 사이보그까지’ 이런 방대한 이야기를 흥미진진하게 쓰다니 정말 대단하다.
인문,사피엔스,5,인간의 A~Z까지 파악할 수 있는 최고의 책
인문,사피엔스,5,여러방면으로 읽으면 유용하게 생각 폭이 넓어지는 책.
인문,사피엔스,5,존잼~!
인문,사피엔스,5,재밌고 잘 읽힙니다.
인문,사피엔스,5,읽고 싶었던 책입니다.
인문,사피엔스,5,유명한 책이라서 구매했어요
인문,사피엔스,5,읽고있는데 너무 재밌어요
인문,사피엔스,5,최고의 인문학 입문서
인문,사피엔스,4,기대됩니다~
인문,사피엔스,4,무엇이 인간인가
인문,사피엔스,5,총균쇠와 같이 읽어보려고 구매했어요
인문,사피엔스,5,새로운 관점이 신선하네요~^^
인문,사피엔스,5,꼭 읽어야합니다
인문,사피엔스,5,좋아요 기대되네요
인문,사피엔스,4,쉽지 않은 책이지만 신선한 내용을 담고 있습니다.
인문,사피엔스,5,매우 유익합니다. 생각의 확장 !
인문,사피엔스,5,사피엔스는 어떻게 세상의 지배자가 되었는가 ~읽었습니다. 재독도 해야겠어요
인문,사피엔스,5,구매했습니다. 지슴부터 찬찬히 일독!
인문,사피엔스,5,기대됩니다~~! 꼭 다읽고 서평 작성하고 싶어요
인문,사피엔스,5,올해 안에 꼭 읽을 거에요
인문,사피엔스,5,완독 후 언제든 다시 또 꺼내서 읽어보고싶은 책이었습니다.
인문,사피엔스,5,열심히읽겠습니다
인문,사피엔스,5,지금 읽고있는중이에요 쓱 읽히진 않아서 천천히 읽고잇어서 완독햇으면 좋겟네요
인문,사피엔스,5,드디어 끝냈습니다. 찬찬히 다시 읽고 싶네요.
인문,사피엔스,4,선물했는데 좋아해요
인문,사피엔스,5,재밌게 읽고 있어요!
인문,사피엔스,5,어메이징
인문,사피엔스,5,읽기 편해요...좋아요
인문,사피엔스,5,전자책으로 읽고나서 소장하고 싶어 구입했습니다. 추천합니다.
인문,사피엔스,5,드디어
인문,사피엔스,5,읽으세요 읽으세요. 선물하려고 두 번째 구입합니다.
인문,사피엔스,5,배움이 채워지는 느낌입니다
인문,사피엔스,5,인류의 본질과 가식에 들이댄 날카로운 한자루의 칼날
인문,사피엔스,5,머리가 텅텅 비어가는 느낌이 너무 싫어서 구입했어요. 하루에 15분씩이라도 읽고 있어요^^
인문,사피엔스,5,3분의2정도 읽고 있어요. 천천히 보고 있는데 재미 있네요.
인문,사피엔스,5,재미있다
인문,사피엔스,5,끝가지 읽는다고 고생 보람은 있음
인문,사피엔스,5,대여해서 읽었다가 내용이 좋아서 구입했어요
인문,사피엔스,4,아이가 아주 좋아합니다**
인문,사피엔스,5,"인류사 전반을 사회, 문화, 정치, 경제를 꿰뚫는 책이네요!"
인문,사피엔스,5,역사엔 정의가 없다
인문,사피엔스,5,이제서라도 삽니다 꼭 읽어봐야할 책이라고 해서
인문,사피엔스,4,하라리형 의견에 동의합니다
인문,사피엔스,5,두께가 장난 아니지만 읽어봐야겠죠.. 호기심이 생깁니다.
인문,사피엔스,5,좋습니다~
인문,사피엔스,5,일 시작하면서 삶이 허망하고 머리는 텅텅... 너무 멍청해지는 것 같아서 샀어요.
인문,사피엔스,5,두껍지만 생각보다 잘 읽힙니다. 재미도 있어요
인문,사피엔스,5,흥미롭게 잘 읽었습니다^^
인문,사피엔스,5,꼭 보세요
인문,사피엔스,5,정말 명저입니다...
인문,사피엔스,5,인간의 여정 대서사시
인문,사피엔스,5,소장할만한 가치가 있는 책입니다 추천입니다
인문,사피엔스,5,읽기를 미루고 미루다가 금년 첫 책으로 구입했습니다.
인문,사피엔스,4,의문이 드는 부분도 있지만 그의 주장이 재밌다
인문,사피엔스,5,너무 재미있네요~~
인문,사피엔스,5,이렇게 재미있을줄 몰랐네요ㅎ
인문,사피엔스,5,강추합니당!!!
인문,사피엔스,5,좋은 책이에요 ㅋ^^
인문,사피엔스,5,번뜩이는 통찰에 얻어 걸리는 내용이 하늘의 별처럼 많았던 소중한 책.
인문,사피엔스,4,새로운 시각에서 쓴 글이라 좋지만 조금 어려워요
인문,사피엔스,4,좋은 내용입니다
인문,사피엔스,4,너무 유익하고 재미있어요.
인문,사피엔스,5,영문으로 읽다가 이해가 100% 되지 않는 부분이 있어서 한국어 판으로 한번더 사서 읽음.
인문,사피엔스,5,읽어볼만한 서적
인문,사피엔스,5,기대했던대로
인문,사피엔스,5,4번은 사서본듯 다시 읽습니다
인문,사피엔스,5,딸들과 같이 읽으려고 구입했어요
인문,사피엔스,4,두꺼워서 읽기가 읽기가 무서웠지만 순식간에 몰입하여 완독하였네요. 유명한 이유가 있네요
인문,사피엔스,4,미디어에서 많이 언급되어 구입했습니다.
인문,사피엔스,5,책읽어드립니다'에서 보고 읽어싶어 구매했네요..
인문,사피엔스,4,다시 한번 읽어 봐야 겠습니다
인문,사피엔스,5,말이 필요없는 책이죠^^
인문,사피엔스,5,한동안 가방에서 떠나지 않을 책
인문,사피엔스,5,인생책이 될 듯 합니다
인문,사피엔스,4,지난 3월 지인의 추천으로 이 책을 샀는데 아직도 못 읽었네요ㅠㅠ 얼른 읽어야겠습니다
인문,사피엔스,5,책이 어렵네요 가독성은 떨어지지만 다 읽고나면 많은 생각이 들게 하는 책입니다 두고두고 읽
인문,사피엔스,4,사고의 전환
인문,사피엔스,5,내용이 기대됩니다.
인문,사피엔스,5,역사에 오랫동안 남을 책
인문,사피엔스,5,어렵겠지만 읽어보려구요
인문,사피엔스,5,아렵지만 기대되는 책이에요
인문,사피엔스,4,사페엔스 책을 읽고 싶었다. 서문을 읽고 있는데 흥미롭다. 기대가 된다.
인문,사피엔스,3,베스트책이라 많은 사람들이 읽었을텐데 난 어려워서 읽다 말았다. 나에게 문제가 있는것인가?
인문,사피엔스,5,읽고나면 생각의 틀에 많은 변화를 주는책.
인문,사피엔스,5,인류가 어떻게 지구를 지배해왔는 지를 쉽게 설명해주는 책
인문,사피엔스,5,존재에 대한 질문
인문,사피엔스,5,시간가는 줄 모르고 읽었네요~저자의 다른 작품도 꼭 읽어 봐야겠어요~
인문,사피엔스,5,역사를 새로운 관점으로 바라보게 해 준 책인것 같습니다.
인문,사피엔스,5,책장을 빨리 넘기며 읽기는 어렵지만 챕터 하나하나가 칼럼같다고 생각하며 재미있게 읽었습니다
인문,사피엔스,5,지인에게 추천 받았는데 왜 이제서야 이 책을 읽었나 싶게 넘 잼있습니다.
인문,사피엔스,4,방대한 지식에 못따가는 1인은 오늘도 허덕이며 안넘어가는 책장을 부여 잡고 있습니다
인문,사피엔스,5,어렵고 안 읽힐 줄 알았는데 재밌고 또 손에서 안 놓아집니다 추천해요~!
인문,사피엔스,5,한번에 읽히기보다는 꾸준하게 읽혀졌다. 재밌다기보다는 유용했고 흥미로웠다.
인문,사피엔스,5,워낙 유명한 책이라^^ 잘 읽겠습니다.
인문,사피엔스,5,호모 사피엔스의 역사와 미래에 대한 대서사시. 유발하리리의 놀랍고 신선한 역사인식.
인문,사피엔스,4,기대하던대로 재미있었음
인문,사피엔스,4,유발하라리의 방대한 지식에 놀라움.
인문,사피엔스,5,책장은 잘 넘어가지 않아 오랫동안 읽었는데 읽고 나니 숙제 끝낸듯 후련한 느낌!
인문,사피엔스,4,기대중
인문,사피엔스,5,베스트셀러인 이유가 있음
인문,사피엔스,5,모두가 한번쯤 읽어보어야 할 책인듯
인문,사피엔스,5,방송 나온거 보고 구매했어요 기대됩니다아!!
인문,사피엔스,5,재밌게 읽었습니다
인문,사피엔스,5,재밌어요 꼭 한번 읽어볼만한 책^^
인문,사피엔스,5,책 읽어 드립니다를 보고 강한 흥미를 갖게 되었어요.
인문,사피엔스,5,새로운 관점과 사실에 대해 많이 알수있어요
인문,사피엔스,5,유발하라리의 사피엔스 입니다. 읽어보세요.
인문,사피엔스,5,너무 재밌었어요!!!!!!!!
인문,사피엔스,5,딸 필독서로 사줬는데 지금 tvn보고 저도 읽어봐야겠단 생각이 드네요
인문,사피엔스,4,여전한 인기..
인문,사피엔스,5,잘 읽을게요
인문,사피엔스,4,잘 읽을게요.
인문,사피엔스,5,두고두고 볼 책이니 양장 버전이 나왔으면 해요.
인문,사피엔스,5,사서 봐야 하는 책이네요^^
인문,사피엔스,5,괜찮은 책이고 많은 것을 생각하게 하는 화두를 주는 책이었습니다
인문,사피엔스,4,기대되요~!
인문,사피엔스,4,기대되네요
인문,사피엔스,5,정독하면서 과거로부터 여행중이에요
인문,사피엔스,5,밑줄 그어가며 읽고있습니다
인문,사피엔스,5,대여 해서만 보다가 너무 좋은 책이라 망설임 없이 구매했습니다. 몇 번이고 보고 공부 할책
인문,사피엔스,5,흥미롭습니다
인문,사피엔스,5,잘받았습니다
인문,사피엔스,5,재밌습니다~
인문,사피엔스,5,좋아합니다
인문,사피엔스,5,재미있어요 행복하세요
인문,사피엔스,5,추천합니다~
인문,사피엔스,5,인류 역사의 집대성. 박학다식함은 인문학의 견고한 토대를 바탕으로 한다는 것을 보여주는 책
인문,사피엔스,5,믿고보는 책~~~ 첨엔 어려운듯하나 읽다보면 술술~~
인문,사피엔스,4,참 읽기 힘든 책중에 하나..과연 끝까지 다 읽은 독자가 얼마나 될런지
인문,사피엔스,5,잘 읽었어요ㆍ
인문,사피엔스,5,"어려울까바 미뤄뒀었는데, 머리좋은 사람이 설명까지 잘 하네요 너무너무 재미있게 신나게 읽었"
인문,사피엔스,4,재미있어서 지인 선물해줬어요
인문,사피엔스,4,기대되네요~
인문,사피엔스,5,생각보다 어렵네요...
인문,사피엔스,5,어려운 내용이지만 열심히 읽어보겠습니다.
인문,사피엔스,5,우리의 존재를 심오하게 탐구할 수 있는 명작
인문,사피엔스,4,읽어보고 싶어서 구매했어요
인문,사피엔스,5,어렵네여 ..
인문,사피엔스,5,어렵습니다..
인문,사피엔스,5,"진짜 최고. 완전 추천합니다. 아, 세상이 다르게 보여요."
인문,사피엔스,4,열심히 읽어보겠습니다
인문,사피엔스,5,생각이 많아지는 책이에요.
인문,사피엔스,5,사피엔스의 등장.. 농경을 시작했지만 사면 초가에 놓였다...미래의 인류는 사파엔스일까?
인문,사피엔스,4,인간이 정말 무섭다
인문,사피엔스,5,유발 하라리가 우리 인류에게 던지는 화두와 통찰
인문,사피엔스,5,읽어보고 싶어서 구매
인문,사피엔스,5,읽으면서 깜짝 깜짝 놀랬어요. 이런 글을 쓸 수 있다니... 유발하라리 존경합니다.
인문,사피엔스,5,좋은책이네요 열심히 읽겠습니다
인문,사피엔스,5,"추천받아서 샀는데, 완결을 볼수있을지...."
인문,사피엔스,5,기존 상식의 틀을 깨어주는 명서입니다.
인문,사피엔스,5,인간이란 생물이 어떻게 진화해야 하는가를 고뇌할 수 있었다.
인문,사피엔스,5,유익한 책 잘 읽을께요
인문,사피엔스,4,진짜 호기심애 삿다 역시나 초짜인 내가 쉽게 읽어나간다 그치만 너무 두꺼워.. 아껴읽을께.
인문,사피엔스,4,읽고싶었는데 기대되는 책입니다!
인문,사피엔스,5,너무 읽고 싶은 책이었어요^^
인문,사피엔스,5,"유발 하라리의 명작이라고들 하니, 나도 살짝 묻어간다! 사사사사피피피엔스"
인문,사피엔스,5,세상을 보는 시각이 달라졌습니다. 내가 살아가는 이유에 대하여 다시 한번 생각하게 되었습니
인문,사피엔스,4,지루한부분이 많아여..슬슬 읽어도 이해는 됩니다
인문,사피엔스,5,관심분야여서 구입했습니다. 기대가 됩니다.
인문,사피엔스,4,잘받았습니다 감사합니다
인문,사피엔스,4,읽어봐야 할 것 같아 구입했어요
인문,사피엔스,5,서문을 열다..
인문,사피엔스,5,기대가 됩니다.
인문,사피엔스,4,생각치 못했던 역사의 사실을 알게해 준 책
인문,사피엔스,4,인간의잔인함에 대해 계속 마주하는 것이 불편하지만 반드시 알아야할 부분이기도 하다 유익한책
인문,사피엔스,5,유익한 책입니다. 일독을 권합니다.
인문,사피엔스,5,인류의 창조와 현재까지 변하지 않는 성과
인문,사피엔스,4,역사공부중에 추천도받고 워낙평이좋아 구매했어요밀린책이많아 아직읽기전이지만 기대돼요
인문,사피엔스,5,작가의 통찰력에 다시 한번 감탄하게된다
인문,사피엔스,5,읽..읽
인문,사피엔스,4,‘인간’에 대해 생각하게 됩니다.
인문,사피엔스,5,읽어봅시다.
인문,사피엔스,5,반드시 읽어야 할 책
인문,사피엔스,5,꼭 읽어야 될 책
인문,사피엔스,5,이 책을 읽을수 있어서 영광이었습니다.
인문,사피엔스,5,"추천받아 책 구매했습니다, 책 가장자리가 구겨져서 조금 아쉬워요, 배송은 빨라 좋아요! 읽"
인문,사피엔스,5,가독성이 좋은 유익한 책입니다.
인문,사피엔스,3,내용은 괜찮은데 졸려요
인문,사피엔스,5,총균쇠 만큼 신선함_실제로도 총균쇠에서 영감을 받은 책
인문,사피엔스,5,"담긴 내용도 내용이지만, 방대한 내용을 쉽게 읽히도록 쓴 작가의 능력도 대단하다."
인문,사피엔스,5,재밌게 읽고 군에 있는 아들에게도 한권 더 구매한책.
인문,사피엔스,5,선물용으로 한권 더 구매합니다.
인문,사피엔스,5,선물용으로 구입했었눈데 좋은책인것 같네요
인문,사피엔스,5,"책두깨보고서 헉 했는데, 재밌었습니다. 이제 20쪽 정도 남았네요."
인문,사피엔스,5,오지 않는 미래를 당겨오는 일
인문,사피엔스,4,뭔가 재밌는데 한편으론 복잡한
인문,사피엔스,4,해외에 계신 분께서 원하셔서 선물용으로 구입합니다.
인문,사피엔스,5,내가 어떻게 존재하게 되었는지 과거를 거슬러 올라가는 여정을 보여주는 도서
인문,사피엔스,5,너무 재미있어서아껴 읽고있어요 작가의 통찰력에 감탄 연발이네요
인문,사피엔스,5,정말 대단한사람이네요..호모 사피엔스 말입니다ㅎ
인문,사피엔스,5,새로운 시각을 갖도록 하는 책이라 생각됩니다
인문,사피엔스,5,나의 지평을 넓혀준 놀라운 책입니다.
인문,사피엔스,5,어렵지만 유용한책입니다
인문,사피엔스,5,이전과는 완전히 다른 시각을 주는 최고의 책
인문,사피엔스,5,작가의 통찰력에 존경심이 느껴집니다 믿고 보는 유발하라리~아껴 읽고싶을 정도예요
인문,사피엔스,5,나의 지적수준이 못미쳤지만 좋은책입니다
인문,사피엔스,5,드디어 완독했어요. 되게 올래 걸렸어요. 이 작가 작품은 전부 다 읽어볼 가치가 있어요.
인문,사피엔스,5,정말 똑똑한 남자라는 생각이 들었습니다. 존경함 엄청 마니 마니 마니 마니 .....
인문,사피엔스,5,조금 어려운 내용이었지만 에세이를 읽는 것 같은 느낌으로 써내려간 저자의 능력!
인문,사피엔스,5,두껍지만 넘나재밋는책
인문,사피엔스,5,책이 두껍고 내용이 어려웠지만 흥미진진했습니다.
인문,사피엔스,5,좋은 책 선물했어요 ~~
인문,사피엔스,5,어렵지만 흥미로운 책이었습니다
인문,사피엔스,5,좋은 책입니다...
인문,사피엔스,5,과거에서 현재 그리고 미래까지 인간과 나에 대한 이야기가 담겨있는 책
인문,사피엔스,5,좀 어려운 내용이지만 구성이 수필 같아서 읽는데 용이했음.
인문,사피엔스,4,지적 탐구를 좋아하는 사람이면...
인문,사피엔스,5,좀 어려운 책이네요.
인문,사피엔스,5,어렵지만 쉽게 읽히는 대단한 내용!
인문,사피엔스,5,"명사들이 추천한 이유를 충분히 느낀다, 한 막을 읽을 때마다 새로운 지식에 이해와 공감한다"
인문,사피엔스,5,잘 읽었습니다!
인문,사피엔스,5,지적탐구의 끝판왕
인문,사피엔스,5,어렵지만 대단한 책!
인문,사피엔스,5,책잘읽었습니다
인문,사피엔스,5,어떻게 해서든 내 머릿속에 다 집어 넣고 싶은 지식들.
인문,사피엔스,5,잘 읽히고 흥미롭습니다
인문,사피엔스,5,유발 하라리의 인류 3부작 첫 책으로 방대한 분량에 비해 쉽게 읽을 수 있다.
인문,사피엔스,4,집중해서 읽지 못한듯.... 다시한번 읽어봐야겠어요
인문,사피엔스,5,인류가 발전해 나갈수 있었던 원동력이 무엇인가에 대한 물음에 대해 생각해볼 수 있게한 책
인문,사피엔스,4,꼭 읽어봐야하는 책 입니다.
인문,사피엔스,4,꽤 두껍지만 보다보면 술술 넘어가네요~
인문,사피엔스,5,유발 하라리 인류 3부작 첫 책으로 방대한 분량에 비해 쉽게 읽을 수 있다.
인문,사피엔스,5,아직 읽어보지 않은 자여~ 지금 당장 책장을 열어보라!
인문,사피엔스,5,이리 두꺼운책이 술술 넘어가네요
인문,사피엔스,5,지금 우리의 살림살이가 수렵채취의 사피엔스보다 나아졌나? 질문이 답이다
인문,사피엔스,5,읽지 않았다면 어쩔뻔했나
인문,사피엔스,5,우리는 무엇을 욕망할 것인가...
인문,사피엔스,5,드디어 '사피엔스'를 손에 넣었네요^^
인문,사피엔스,5,읽고 싶었던 책!
인문,사피엔스,4,읽기편한 일반적 서술
인문,사피엔스,4,읽다가 쉬다가 ..
인문,사피엔스,5,기대하는 책 중 하나입니다.
인문,사피엔스,5,하라리 교수의 통찰력과 담론은 생각 이상이다. 그저 최고라 말할 수밖에 없다.
인문,사피엔스,5,기대되는 책이예요
인문,사피엔스,5,농업혁명은 역사상 최대의 사기극이다
인문,사피엔스,5,생각을 하게 만드는 책입니다.
인문,사피엔스,5,신이 되고 있는 경외의 사피엔스.
인문,사피엔스,5,지금까지 읽은 책중에서 가장 재밌게 봤습니다 꼭 읽어보시라 권하고 싶네요
인문,사피엔스,5,새로운 관점에서 생각할수있는 책~
인문,사피엔스,5,어머니께 선물로 드렸습니다
인문,사피엔스,5,잘 봤습니다.
인문,사피엔스,5,"생각보다 책이 두꺼운데요, 이번 휴가에 열심히 읽어 보려고 합니다"
인문,사피엔스,4,"총,균,쇠를 읽었던 때와 비슷한 감동과 느낌을 받았는데 ....역쉬!!"
인문,사피엔스,5,올 휴가를 위해~
인문,사피엔스,5,교양이 쑥쑥
인문,사피엔스,5,인간이라는 존재에 관해 깊이 생각해보게 하는 책
인문,사피엔스,5,사피엔스에 대한 새로운 이해의 눈의 가졌습니다.
인문,사피엔스,5,기대합니다
인문,사피엔스,4,인간의 역사를 다룬 또 하나의 주장
인문,사피엔스,5,대학생들의 필독서 추천합니다!!
인문,사피엔스,3,일단 한 번 읽어보자는 마음으로
인문,사피엔스,4,잘읽어볼께요
인문,사피엔스,4,책의 물리적인 두께를 상쇄하는 부드러운 번역에 감사할 따름입니다..
인문,사피엔스,5,어려워보이지만 쉽게 설명해놔서 편안히 읽고 있습니다.
인문,사피엔스,5,왜 베스트셀러인지 알 것 같은책. 나로 하여금 역사를 바라보는 새로운 시각을 갖게해주었다.
인문,사피엔스,5,내용도 내용이지만 번역이 훌륭하다.
인문,사피엔스,5,색다른 역사학
인문,사피엔스,5,인간이 마침 신이 되려 하는가? 책 표지에 있는 그 말이 끌어당겨 읽고 있는 책
인문,사피엔스,4,책만 사두고 안보고 있네요~ 이제 읽어야지요
인문,사피엔스,4,꼭 한번은 읽어야 할 역사책
인문,사피엔스,5,제러드 다이아몬드의 총균쇠와 같이 보면 더욱 빛을 발하는 책
인문,사피엔스,5,한번쯤 읽어보고 음미해볼 만한 책입니다.
인문,사피엔스,5,"생물학과 역사학의 만남을 통해, 인류의 모습을 새롭게 바라볼 수 있습니다."
인문,사피엔스,5,도서관에서 읽고 소장하고 싶어서 샀어요 어려운 인문책이 재미있게 느껴져요
인문,사피엔스,4,지식창고
인문,사피엔스,5,도서관에서 앞부분을 읽어보니 재미있어 오래 두고 읽으려고 구입했어요
인문,사피엔스,5,두께에 겁먹지 않고 보면 얻을 게 정말 많은 책!
인문,사피엔스,5,획기적이에요. 너무 재미있습니다.
인문,사피엔스,5,정말 쉽게 읽히는 역사와 과학을 넘나드는 책 구매가 어렵다면 도서관에서 빌려서라도 꼭 보세
인문,사피엔스,5,과거부터 현재까지 인류의 역사를 흥미롭게 읽게되네요.
인문,사피엔스,5,흥미진진 합니다 ㅎㅎ
인문,사피엔스,5,인문학 책이 어렵고 지루하다는 편견을 깨는 책! 쉽고 재미있다
인문,사피엔스,5,두껍지만 끝까지 읽어봐요
인문,사피엔스,5,두껍지만 이해하기 조금 버겁지만 유익한 책
인문,사피엔스,5,발상의 전환
인문,사피엔스,5,대담하고 박식하다!
인문,사피엔스,4,인류 그 자체에 통찰을 느낄 수 있습니다
인문,사피엔스,5,읽어보고싶어 구매했습니다.
인문,사피엔스,1,"작가여! 인간에 대해 이야기하려면, 더 깊이 있는 연구와 통찰력을 가지고 책을 쓰시오!!!"
인문,사피엔스,5,"인류역사,정리되네요..길어요.."
인문,사피엔스,5,획기적이에요. 지금까지 생각을 뒤엎는데 정말 재밌어요.
인문,사피엔스,5,빅 히스토리란 이런 것. 인류에 대해 알고 싶다면 읽어야 할 책.
인문,사피엔스,5,유시민씨가 추천한 책이라서 더 의미가 있네요
인문,사피엔스,5,책 값이 너무 비싸네요...
인문,사피엔스,5,현재 인간은 과연 어떤 미래를 만들어 갈 것인지 사피엔스의 미래를 생각해보게 하는 책이네요
인문,사피엔스,5,우리모두 싸피엔스
인문,사피엔스,5,인류역사의 중요한 전환점들
인문,사피엔스,5,"인간에 대한 역사, 문화, 과학을 아우르는 지식을 재밋고 쉽게 풀어 썼다"
인문,사피엔스,5,꼭 읽어볼 책
인문,사피엔스,5,"인류의 역사, 기대합니다"
인문,사피엔스,5,내용만큼이나 번역도 멋짐
인문,사피엔스,5,천천히 읽어야겠음
인문,사피엔스,5,신기한책 너무 두꺼운게 흠
인문,사피엔스,5,재미있게 읽고 싶은 책....
인문,사피엔스,5,천재와의 조우
인문,사피엔스,5,이 세상 가장 큰 안목을 갖고 글을 쓴 것 같다. 근래 보기 힘든 명작이다
인문,사피엔스,5,별 여섯개를 주고 싶은 마음... 우리 아들램이 이것만 읽느라 핸드폰은 안보네요
인문,사피엔스,5,필력이 대단한! 두껍지만 술술 잘 읽히는 책이네요!
인문,사피엔스,5,우리집 대학생에게 선물했어요. 좋은 반응
인문,사피엔스,5,최고에요! 매우 흥미로워요
인문,사피엔스,5,빅스토리! 쉽고 재밌다! 상상의 질서! 프레임과 패러다임의 신선함이 좋다!
인문,사피엔스,5,호모데우스라는 책을 읽고 구매하게 되었어요. 기대가 됩니다.
인문,사피엔스,4,흥미있게 읽히네요. 여러 생각을 하게 했습니다.
인문,사피엔스,5,인간에 대한 재해석
인문,사피엔스,5,천천히 읽으면서 많이 배우고 있어요.다큐멘터리로 내놓아도 좋을것같아요.
인문,사피엔스,5,잘정리된 책
인문,사피엔스,5,살면서 생각해보지 못한 이야기를 생각해보게 해준 책입니다.
인문,사피엔스,5,생각의 꼬리에 꼬리를 무는 질문들 너무 놀랍고 흥미로었어요
인문,사피엔스,4,작가가 궁금해서 구매하게 된 책
인문,사피엔스,2,동물복지를 얘기하면서 팔레스타인 얘기는 없네?
인문,사피엔스,5,유발하라리의 통찰력을 나에게...
인문,사피엔스,4,흥미롭고 술술 읽힙니다.
인문,사피엔스,5,넌픽션 중 인생 최고!
인문,사피엔스,4,진즉부터 읽고 싶었던 책. 드뎌 ..
인문,사피엔스,5,시도해보지 않았지만 일단 구매;;
인문,사피엔스,5,두꺼워서 부담스럽지만 재밌을 거 같아요
인문,사피엔스,5,기대하며 책장을넘겨요
인문,사피엔스,5,총균쇠 이후로 이렇게 마음을 강렬히 흔드는 책은 처음이네요
인문,사피엔스,3,영어버전 읽으면서 한국어 번역서로 챕터별로 읽고 있어요.
인문,사피엔스,5,그의 식견과 탄탄한 글에 만족한다.
인문,사피엔스,5,반드시 읽어야하는 책
인문,사피엔스,5,너무좋은책이에요! 집중잘안됐는데 다시한번읽고싶은책!
인문,사피엔스,4,주변인추천과다양한분야독서를위해구입했어요
인문,사피엔스,4,편중돼있는 세계관 그러나 넓은 지식에는 감탄
인문,사피엔스,4,그냥저냥 괜찮아요
인문,사피엔스,5,너무 재미있게 잘 읽었습니다.
인문,사피엔스,3,역사를 바라보는 시각을 한층 넓혀주기에 충분해 보입니다.
인문,사피엔스,5,잘 읽겠습니다.
인문,사피엔스,5,소설처럼 재미있습니다.
인문,사피엔스,4,참 훌륭한 책 역사 이모저모를 지루함없이 풀어나간다
인문,사피엔스,4,인간의 기원-발전사를 생각보다 쉽고 재미있게 풀어쓴 세계사 참고서
인문,사피엔스,4,완전 재밌음!! 강려추천!!
인문,사피엔스,4,완독 축하
인문,사피엔스,4,인류에 대해 특히 우리 종 사피엔스에 대한 직설적 고찰을 통해 우리 스스로를 돌아보고 인류 미래에 대한 시각 또한 넓힐 수 있었다
인문,사피엔스,4,내가 인생을 살면서 가졌던 많은 물음에 대답해준 책이다
인문,사피엔스,4,휴먼 역사..에 대해 새롭게 인식할 수 있었네요...현재 나의 행복 우리가 속한 공동체그리고 세계 공동의 지속가능한 공존이 무엇인가 생각할 수 있었던 시간 이었네요..
인문,사피엔스,4,인류에 대한 신선한 관점을 느끼게 해준 책
인문,사피엔스,4,읽어 보시길.
인문,사피엔스,4,사피엔스를 바라보는 생각의 방향을 바꾸고 인간로서의 반성을 하게끔 하는 책입니다. 다시 읽는다면 어떤 생각이 들지... 몇 번 반복해서 읽어야 할 책이라고 생각합니다.
인문,사피엔스,4,인류의 역사에 대한 통찰과 관점이 놀랍고 신선하다.. 와우~
인문,사피엔스,4,나에게 다소 어려웠던 내용들.. 하지만 새로운 관점에서 바라볼 수 있는 좋은 기회였다.
인문,사피엔스,4,광대한 지식. 덕분에 생각의 범위가 크게 확장되었다.
인문,사피엔스,4,이렇게 오랜 시기의 여러가지 현상들을 분석하고 종합해서 인간의 역사를 통찰할 수 있다는 것이 놀라울 따름이다.
인문,사피엔스,4,첫 부분의 재미가 뒤로 갈수록 상투적으로 변해서 지루했습니다.
인문,사피엔스,4,총. 균. 쇠. 보다 쉽게 풀어내었다. 그리고 다시금 인류학에 대해 호모사피엔스에 대해 생각하게 해준다.
인문,사피엔스,4,정말 좋은책이다..책꽂이에 꽂아두고 두고두고 읽고 싶다!!
인문,사피엔스,4,유발 노아 하라리의 사피엔스는 인류의 과거 현재 그리고 미래에 대해서 광범위하고도 객관적인 시각을 제시했다.길가메시프로젝트가 성공할것으로 확신하면서 인류를 신이된 동물로 정의했다
인문,사피엔스,4,총군솨를 읽은 후 우연히 잡아 든 사피엔슨 마치 시리지 같다는 생각을 하게 한다.
인문,사피엔스,4,목표(이책에 따르면 허구)- 이를 따르는 사람들 -> 혼자서는 못할 더 멋진 결과물이 나올 수 있다 <-> 사공이 많으면 배가 산으로 간다
인문,사피엔스,4,천재적 작가입니다..
인문,사피엔스,4,인간-호모사피엔스의 역사와 현재 일어나고있는 세상의 변화에대한 새로운 시각을 열어주었다는 점에서 매우 유익했습니다
인문,사피엔스,4,정말 좋은 책이다. 인류의 역사를 Homo Sapiens의 관점에서 정리했다. 그것도 쉽고 재미있게. 근래에 읽은 책 중 제일 재미있게 읽었다.
인문,사피엔스,4,처음 이 책을 접한 이유는 인류의 기원이 궁금해서였다.흥미진진한 시작과 멸망까지 작가의 생명과학과 역사적 지식을 바탕으로 쓴 논리들이 참으로 인상깊다.
인문,사피엔스,4,세상을 보는 새로운 시각이
인문,사피엔스,4,두꺼운 책임에도 불구하고 재미있게 잘 읽었습니다~^^
인문,사피엔스,4,철학보다더많은걸깊게생각하게하는책..읽는동안참행복했습니다..아름다운글!
